RAST2:fig|442.17.peg.1
RAST2:fig|442.17.peg.10
RAST2:fig|442.17.peg.100
RAST2:fig|442.17.peg.1000
RAST2:fig|442.17.peg.1001
RAST2:fig|442.17.peg.1002
RAST2:fig|442.17.peg.1003
RAST2:fig|442.17.peg.1004
RAST2:fig|442.17.peg.1005
RAST2:fig|442.17.peg.1006
RAST2:fig|442.17.peg.1007
RAST2:fig|442.17.peg.1008
RAST2:fig|442.17.peg.1009
RAST2:fig|442.17.peg.101
RAST2:fig|442.17.peg.1010
RAST2:fig|442.17.peg.1011
RAST2:fig|442.17.peg.1012
RAST2:fig|442.17.peg.1013
RAST2:fig|442.17.peg.1014
RAST2:fig|442.17.peg.1015
RAST2:fig|442.17.peg.1016
RAST2:fig|442.17.peg.1017
RAST2:fig|442.17.peg.1018
RAST2:fig|442.17.peg.1019
RAST2:fig|442.17.peg.102
RAST2:fig|442.17.peg.1020
RAST2:fig|442.17.peg.1021
RAST2:fig|442.17.peg.1022
RAST2:fig|442.17.peg.1023
RAST2:fig|442.17.peg.1024
RAST2:fig|442.17.peg.1025
RAST2:fig|442.17.peg.1026
RAST2:fig|442.17.peg.1027
RAST2:fig|442.17.peg.1028
RAST2:fig|442.17.peg.1029
RAST2:fig|442.17.peg.103
RAST2:fig|442.17.peg.1030
RAST2:fig|442.17.peg.1031
RAST2:fig|442.17.peg.1032
RAST2:fig|442.17.peg.1033
RAST2:fig|442.17.peg.1034
RAST2:fig|442.17.peg.1035
RAST2:fig|442.17.peg.1036
RAST2:fig|442.17.peg.1037
RAST2:fig|442.17.peg.1038
RAST2:fig|442.17.peg.1039
RAST2:fig|442.17.peg.104
RAST2:fig|442.17.peg.1040
RAST2:fig|442.17.peg.1041
RAST2:fig|442.17.peg.1042
RAST2:fig|442.17.peg.1043
RAST2:fig|442.17.peg.1044
RAST2:fig|442.17.peg.1045
RAST2:fig|442.17.peg.1046
RAST2:fig|442.17.peg.1047
RAST2:fig|442.17.peg.1048
RAST2:fig|442.17.peg.1049
RAST2:fig|442.17.peg.105
RAST2:fig|442.17.peg.1050
RAST2:fig|442.17.peg.1051
RAST2:fig|442.17.peg.1052
RAST2:fig|442.17.peg.1053
RAST2:fig|442.17.peg.1054
RAST2:fig|442.17.peg.1055
RAST2:fig|442.17.peg.1056
RAST2:fig|442.17.peg.1057
RAST2:fig|442.17.peg.1058
RAST2:fig|442.17.peg.1059
RAST2:fig|442.17.peg.106
RAST2:fig|442.17.peg.1060
RAST2:fig|442.17.peg.1061
RAST2:fig|442.17.peg.1062
RAST2:fig|442.17.peg.1063
RAST2:fig|442.17.peg.1064
RAST2:fig|442.17.peg.1065
RAST2:fig|442.17.peg.1066
RAST2:fig|442.17.peg.1067
RAST2:fig|442.17.peg.1068
RAST2:fig|442.17.peg.1069
RAST2:fig|442.17.peg.107
RAST2:fig|442.17.peg.1070
RAST2:fig|442.17.peg.1071
RAST2:fig|442.17.peg.1072
RAST2:fig|442.17.peg.1073
RAST2:fig|442.17.peg.1074
RAST2:fig|442.17.peg.1075
RAST2:fig|442.17.peg.1076
RAST2:fig|442.17.peg.1077
RAST2:fig|442.17.peg.1078
RAST2:fig|442.17.peg.1079
RAST2:fig|442.17.peg.108
RAST2:fig|442.17.peg.1080
RAST2:fig|442.17.peg.1081
RAST2:fig|442.17.peg.1082
RAST2:fig|442.17.peg.1083
RAST2:fig|442.17.peg.1084
RAST2:fig|442.17.peg.1085
RAST2:fig|442.17.peg.1086
RAST2:fig|442.17.peg.1087
RAST2:fig|442.17.peg.1088
RAST2:fig|442.17.peg.1089
RAST2:fig|442.17.peg.109
RAST2:fig|442.17.peg.1090
RAST2:fig|442.17.peg.1091
RAST2:fig|442.17.peg.1092
RAST2:fig|442.17.peg.1093
RAST2:fig|442.17.peg.1094
RAST2:fig|442.17.peg.1095
RAST2:fig|442.17.peg.1096
RAST2:fig|442.17.peg.1097
RAST2:fig|442.17.peg.1098
RAST2:fig|442.17.peg.1099
RAST2:fig|442.17.peg.11
RAST2:fig|442.17.peg.110
RAST2:fig|442.17.peg.1100
RAST2:fig|442.17.peg.1101
RAST2:fig|442.17.peg.1102
RAST2:fig|442.17.peg.1103
RAST2:fig|442.17.peg.1104
RAST2:fig|442.17.peg.1105
RAST2:fig|442.17.peg.1106
RAST2:fig|442.17.peg.1107
RAST2:fig|442.17.peg.1108
RAST2:fig|442.17.peg.1109
RAST2:fig|442.17.peg.111
RAST2:fig|442.17.peg.1110
RAST2:fig|442.17.peg.1111
RAST2:fig|442.17.peg.1112
RAST2:fig|442.17.peg.1113
RAST2:fig|442.17.peg.1114
RAST2:fig|442.17.peg.1115
RAST2:fig|442.17.peg.1116
RAST2:fig|442.17.peg.1117
RAST2:fig|442.17.peg.1118
RAST2:fig|442.17.peg.1119
RAST2:fig|442.17.peg.112
RAST2:fig|442.17.peg.1120
RAST2:fig|442.17.peg.1121
RAST2:fig|442.17.peg.1122
RAST2:fig|442.17.peg.1123
RAST2:fig|442.17.peg.1124
RAST2:fig|442.17.peg.1125
RAST2:fig|442.17.peg.1126
RAST2:fig|442.17.peg.1127
RAST2:fig|442.17.peg.1128
RAST2:fig|442.17.peg.1129
RAST2:fig|442.17.peg.113
RAST2:fig|442.17.peg.1130
RAST2:fig|442.17.peg.1131
RAST2:fig|442.17.peg.1132
RAST2:fig|442.17.peg.1133
RAST2:fig|442.17.peg.1134
RAST2:fig|442.17.peg.1135
RAST2:fig|442.17.peg.1136
RAST2:fig|442.17.peg.1137
RAST2:fig|442.17.peg.1138
RAST2:fig|442.17.peg.1139
RAST2:fig|442.17.peg.114
RAST2:fig|442.17.peg.1140
RAST2:fig|442.17.peg.1141
RAST2:fig|442.17.peg.1142
RAST2:fig|442.17.peg.1143
RAST2:fig|442.17.peg.1144
RAST2:fig|442.17.peg.1145
RAST2:fig|442.17.peg.1146
RAST2:fig|442.17.peg.1147
RAST2:fig|442.17.peg.1148
RAST2:fig|442.17.peg.1149
RAST2:fig|442.17.peg.115
RAST2:fig|442.17.peg.1150
RAST2:fig|442.17.peg.1151
RAST2:fig|442.17.peg.1152
RAST2:fig|442.17.peg.1153
RAST2:fig|442.17.peg.1154
RAST2:fig|442.17.peg.1155
RAST2:fig|442.17.peg.1156
RAST2:fig|442.17.peg.1157
RAST2:fig|442.17.peg.1158
RAST2:fig|442.17.peg.1159
RAST2:fig|442.17.peg.116
RAST2:fig|442.17.peg.1160
RAST2:fig|442.17.peg.1161
RAST2:fig|442.17.peg.1162
RAST2:fig|442.17.peg.1163
RAST2:fig|442.17.peg.1164
RAST2:fig|442.17.peg.1165
RAST2:fig|442.17.peg.1166
RAST2:fig|442.17.peg.1167
RAST2:fig|442.17.peg.1168
RAST2:fig|442.17.peg.1169
RAST2:fig|442.17.peg.117
RAST2:fig|442.17.peg.1170
RAST2:fig|442.17.peg.1171
RAST2:fig|442.17.peg.1172
RAST2:fig|442.17.peg.1173
RAST2:fig|442.17.peg.1174
RAST2:fig|442.17.peg.1175
RAST2:fig|442.17.peg.1176
RAST2:fig|442.17.peg.1177
RAST2:fig|442.17.peg.1178
RAST2:fig|442.17.peg.1179
RAST2:fig|442.17.peg.118
RAST2:fig|442.17.peg.1180
RAST2:fig|442.17.peg.1181
RAST2:fig|442.17.peg.1182
RAST2:fig|442.17.peg.1183
RAST2:fig|442.17.peg.1184
RAST2:fig|442.17.peg.1185
RAST2:fig|442.17.peg.1186
RAST2:fig|442.17.peg.1187
RAST2:fig|442.17.peg.1188
RAST2:fig|442.17.peg.1189
RAST2:fig|442.17.peg.119
RAST2:fig|442.17.peg.1190
RAST2:fig|442.17.peg.1191
RAST2:fig|442.17.peg.1192
RAST2:fig|442.17.peg.1193
RAST2:fig|442.17.peg.1194
RAST2:fig|442.17.peg.1195
RAST2:fig|442.17.peg.1196
RAST2:fig|442.17.peg.1197
RAST2:fig|442.17.peg.1198
RAST2:fig|442.17.peg.1199
RAST2:fig|442.17.peg.12
RAST2:fig|442.17.peg.120
RAST2:fig|442.17.peg.1200
RAST2:fig|442.17.peg.1201
RAST2:fig|442.17.peg.1202
RAST2:fig|442.17.peg.1203
RAST2:fig|442.17.peg.1204
RAST2:fig|442.17.peg.1205
RAST2:fig|442.17.peg.1206
RAST2:fig|442.17.peg.1207
RAST2:fig|442.17.peg.1208
RAST2:fig|442.17.peg.1209
RAST2:fig|442.17.peg.121
RAST2:fig|442.17.peg.1210
RAST2:fig|442.17.peg.1211
RAST2:fig|442.17.peg.1212
RAST2:fig|442.17.peg.1213
RAST2:fig|442.17.peg.1214
RAST2:fig|442.17.peg.1215
RAST2:fig|442.17.peg.1216
RAST2:fig|442.17.peg.1217
RAST2:fig|442.17.peg.1218
RAST2:fig|442.17.peg.1219
RAST2:fig|442.17.peg.122
RAST2:fig|442.17.peg.1220
RAST2:fig|442.17.peg.1221
RAST2:fig|442.17.peg.1222
RAST2:fig|442.17.peg.1223
RAST2:fig|442.17.peg.1224
RAST2:fig|442.17.peg.1225
RAST2:fig|442.17.peg.1226
RAST2:fig|442.17.peg.1227
RAST2:fig|442.17.peg.1228
RAST2:fig|442.17.peg.1229
RAST2:fig|442.17.peg.123
RAST2:fig|442.17.peg.1230
RAST2:fig|442.17.peg.1231
RAST2:fig|442.17.peg.1232
RAST2:fig|442.17.peg.1233
RAST2:fig|442.17.peg.1234
RAST2:fig|442.17.peg.1235
RAST2:fig|442.17.peg.1236
RAST2:fig|442.17.peg.1237
RAST2:fig|442.17.peg.1238
RAST2:fig|442.17.peg.1239
RAST2:fig|442.17.peg.124
RAST2:fig|442.17.peg.1240
RAST2:fig|442.17.peg.1241
RAST2:fig|442.17.peg.1242
RAST2:fig|442.17.peg.1243
RAST2:fig|442.17.peg.1244
RAST2:fig|442.17.peg.1245
RAST2:fig|442.17.peg.1246
RAST2:fig|442.17.peg.1247
RAST2:fig|442.17.peg.1248
RAST2:fig|442.17.peg.1249
RAST2:fig|442.17.peg.125
RAST2:fig|442.17.peg.1250
RAST2:fig|442.17.peg.1251
RAST2:fig|442.17.peg.1252
RAST2:fig|442.17.peg.1253
RAST2:fig|442.17.peg.1254
RAST2:fig|442.17.peg.1255
RAST2:fig|442.17.peg.1256
RAST2:fig|442.17.peg.1257
RAST2:fig|442.17.peg.1258
RAST2:fig|442.17.peg.1259
RAST2:fig|442.17.peg.126
RAST2:fig|442.17.peg.1260
RAST2:fig|442.17.peg.1261
RAST2:fig|442.17.peg.1262
RAST2:fig|442.17.peg.1263
RAST2:fig|442.17.peg.1264
RAST2:fig|442.17.peg.1265
RAST2:fig|442.17.peg.1266
RAST2:fig|442.17.peg.1267
RAST2:fig|442.17.peg.1268
RAST2:fig|442.17.peg.1269
RAST2:fig|442.17.peg.127
RAST2:fig|442.17.peg.1270
RAST2:fig|442.17.peg.1271
RAST2:fig|442.17.peg.1272
RAST2:fig|442.17.peg.1273
RAST2:fig|442.17.peg.1274
RAST2:fig|442.17.peg.1275
RAST2:fig|442.17.peg.1276
RAST2:fig|442.17.peg.1277
RAST2:fig|442.17.peg.1278
RAST2:fig|442.17.peg.1279
RAST2:fig|442.17.peg.128
RAST2:fig|442.17.peg.1280
RAST2:fig|442.17.peg.1281
RAST2:fig|442.17.peg.1282
RAST2:fig|442.17.peg.1283
RAST2:fig|442.17.peg.1284
RAST2:fig|442.17.peg.1285
RAST2:fig|442.17.peg.1286
RAST2:fig|442.17.peg.1287
RAST2:fig|442.17.peg.1288
RAST2:fig|442.17.peg.1289
RAST2:fig|442.17.peg.129
RAST2:fig|442.17.peg.1290
RAST2:fig|442.17.peg.1291
RAST2:fig|442.17.peg.1292
RAST2:fig|442.17.peg.1293
RAST2:fig|442.17.peg.1294
RAST2:fig|442.17.peg.1295
RAST2:fig|442.17.peg.1296
RAST2:fig|442.17.peg.1297
RAST2:fig|442.17.peg.1298
RAST2:fig|442.17.peg.1299
RAST2:fig|442.17.peg.13
RAST2:fig|442.17.peg.130
RAST2:fig|442.17.peg.1300
RAST2:fig|442.17.peg.1301
RAST2:fig|442.17.peg.1302
RAST2:fig|442.17.peg.1303
RAST2:fig|442.17.peg.1304
RAST2:fig|442.17.peg.1305
RAST2:fig|442.17.peg.1306
RAST2:fig|442.17.peg.1307
RAST2:fig|442.17.peg.1308
RAST2:fig|442.17.peg.1309
RAST2:fig|442.17.peg.131
RAST2:fig|442.17.peg.1310
RAST2:fig|442.17.peg.1311
RAST2:fig|442.17.peg.1312
RAST2:fig|442.17.peg.1313
RAST2:fig|442.17.peg.1314
RAST2:fig|442.17.peg.1315
RAST2:fig|442.17.peg.1316
RAST2:fig|442.17.peg.1317
RAST2:fig|442.17.peg.1318
RAST2:fig|442.17.peg.1319
RAST2:fig|442.17.peg.132
RAST2:fig|442.17.peg.1320
RAST2:fig|442.17.peg.1321
RAST2:fig|442.17.peg.1322
RAST2:fig|442.17.peg.1323
RAST2:fig|442.17.peg.1324
RAST2:fig|442.17.peg.1325
RAST2:fig|442.17.peg.1326
RAST2:fig|442.17.peg.1327
RAST2:fig|442.17.peg.1328
RAST2:fig|442.17.peg.1329
RAST2:fig|442.17.peg.133
RAST2:fig|442.17.peg.1330
RAST2:fig|442.17.peg.1331
RAST2:fig|442.17.peg.1332
RAST2:fig|442.17.peg.1333
RAST2:fig|442.17.peg.1334
RAST2:fig|442.17.peg.1335
RAST2:fig|442.17.peg.1336
RAST2:fig|442.17.peg.1337
RAST2:fig|442.17.peg.1338
RAST2:fig|442.17.peg.1339
RAST2:fig|442.17.peg.134
RAST2:fig|442.17.peg.1340
RAST2:fig|442.17.peg.1341
RAST2:fig|442.17.peg.1342
RAST2:fig|442.17.peg.1343
RAST2:fig|442.17.peg.1344
RAST2:fig|442.17.peg.1345
RAST2:fig|442.17.peg.1346
RAST2:fig|442.17.peg.1347
RAST2:fig|442.17.peg.1348
RAST2:fig|442.17.peg.1349
RAST2:fig|442.17.peg.135
RAST2:fig|442.17.peg.1350
RAST2:fig|442.17.peg.1351
RAST2:fig|442.17.peg.1352
RAST2:fig|442.17.peg.1353
RAST2:fig|442.17.peg.1354
RAST2:fig|442.17.peg.1355
RAST2:fig|442.17.peg.1356
RAST2:fig|442.17.peg.1357
RAST2:fig|442.17.peg.1358
RAST2:fig|442.17.peg.1359
RAST2:fig|442.17.peg.136
RAST2:fig|442.17.peg.1360
RAST2:fig|442.17.peg.1361
RAST2:fig|442.17.peg.1362
RAST2:fig|442.17.peg.1363
RAST2:fig|442.17.peg.1364
RAST2:fig|442.17.peg.1365
RAST2:fig|442.17.peg.1366
RAST2:fig|442.17.peg.1367
RAST2:fig|442.17.peg.1368
RAST2:fig|442.17.peg.1369
RAST2:fig|442.17.peg.137
RAST2:fig|442.17.peg.1370
RAST2:fig|442.17.peg.1371
RAST2:fig|442.17.peg.1372
RAST2:fig|442.17.peg.1373
RAST2:fig|442.17.peg.1374
RAST2:fig|442.17.peg.1375
RAST2:fig|442.17.peg.1376
RAST2:fig|442.17.peg.1377
RAST2:fig|442.17.peg.1378
RAST2:fig|442.17.peg.1379
RAST2:fig|442.17.peg.138
RAST2:fig|442.17.peg.1380
RAST2:fig|442.17.peg.1381
RAST2:fig|442.17.peg.1382
RAST2:fig|442.17.peg.1383
RAST2:fig|442.17.peg.1384
RAST2:fig|442.17.peg.1385
RAST2:fig|442.17.peg.1386
RAST2:fig|442.17.peg.1387
RAST2:fig|442.17.peg.1388
RAST2:fig|442.17.peg.1389
RAST2:fig|442.17.peg.139
RAST2:fig|442.17.peg.1390
RAST2:fig|442.17.peg.1391
RAST2:fig|442.17.peg.1392
RAST2:fig|442.17.peg.1393
RAST2:fig|442.17.peg.1394
RAST2:fig|442.17.peg.1395
RAST2:fig|442.17.peg.1396
RAST2:fig|442.17.peg.1397
RAST2:fig|442.17.peg.1398
RAST2:fig|442.17.peg.1399
RAST2:fig|442.17.peg.14
RAST2:fig|442.17.peg.140
RAST2:fig|442.17.peg.1400
RAST2:fig|442.17.peg.1401
RAST2:fig|442.17.peg.1402
RAST2:fig|442.17.peg.1403
RAST2:fig|442.17.peg.1404
RAST2:fig|442.17.peg.1405
RAST2:fig|442.17.peg.1406
RAST2:fig|442.17.peg.1407
RAST2:fig|442.17.peg.1408
RAST2:fig|442.17.peg.1409
RAST2:fig|442.17.peg.141
RAST2:fig|442.17.peg.1410
RAST2:fig|442.17.peg.1411
RAST2:fig|442.17.peg.1412
RAST2:fig|442.17.peg.1413
RAST2:fig|442.17.peg.1414
RAST2:fig|442.17.peg.1415
RAST2:fig|442.17.peg.1416
RAST2:fig|442.17.peg.1417
RAST2:fig|442.17.peg.1418
RAST2:fig|442.17.peg.1419
RAST2:fig|442.17.peg.142
RAST2:fig|442.17.peg.1420
RAST2:fig|442.17.peg.1421
RAST2:fig|442.17.peg.1422
RAST2:fig|442.17.peg.1423
RAST2:fig|442.17.peg.1424
RAST2:fig|442.17.peg.1425
RAST2:fig|442.17.peg.1426
RAST2:fig|442.17.peg.1427
RAST2:fig|442.17.peg.1428
RAST2:fig|442.17.peg.1429
RAST2:fig|442.17.peg.143
RAST2:fig|442.17.peg.1430
RAST2:fig|442.17.peg.1431
RAST2:fig|442.17.peg.1432
RAST2:fig|442.17.peg.1433
RAST2:fig|442.17.peg.1434
RAST2:fig|442.17.peg.1435
RAST2:fig|442.17.peg.1436
RAST2:fig|442.17.peg.1437
RAST2:fig|442.17.peg.1438
RAST2:fig|442.17.peg.1439
RAST2:fig|442.17.peg.144
RAST2:fig|442.17.peg.1440
RAST2:fig|442.17.peg.1441
RAST2:fig|442.17.peg.1442
RAST2:fig|442.17.peg.1443
RAST2:fig|442.17.peg.1444
RAST2:fig|442.17.peg.1445
RAST2:fig|442.17.peg.1446
RAST2:fig|442.17.peg.1447
RAST2:fig|442.17.peg.1448
RAST2:fig|442.17.peg.1449
RAST2:fig|442.17.peg.145
RAST2:fig|442.17.peg.1450
RAST2:fig|442.17.peg.1451
RAST2:fig|442.17.peg.1452
RAST2:fig|442.17.peg.1453
RAST2:fig|442.17.peg.1454
RAST2:fig|442.17.peg.1455
RAST2:fig|442.17.peg.1456
RAST2:fig|442.17.peg.1457
RAST2:fig|442.17.peg.1458
RAST2:fig|442.17.peg.1459
RAST2:fig|442.17.peg.146
RAST2:fig|442.17.peg.1460
RAST2:fig|442.17.peg.1461
RAST2:fig|442.17.peg.1462
RAST2:fig|442.17.peg.1463
RAST2:fig|442.17.peg.1464
RAST2:fig|442.17.peg.1465
RAST2:fig|442.17.peg.1466
RAST2:fig|442.17.peg.1467
RAST2:fig|442.17.peg.1468
RAST2:fig|442.17.peg.1469
RAST2:fig|442.17.peg.147
RAST2:fig|442.17.peg.1470
RAST2:fig|442.17.peg.1471
RAST2:fig|442.17.peg.1472
RAST2:fig|442.17.peg.1473
RAST2:fig|442.17.peg.1474
RAST2:fig|442.17.peg.1475
RAST2:fig|442.17.peg.1476
RAST2:fig|442.17.peg.1477
RAST2:fig|442.17.peg.1478
RAST2:fig|442.17.peg.1479
RAST2:fig|442.17.peg.148
RAST2:fig|442.17.peg.1480
RAST2:fig|442.17.peg.1481
RAST2:fig|442.17.peg.1482
RAST2:fig|442.17.peg.1483
RAST2:fig|442.17.peg.1484
RAST2:fig|442.17.peg.1485
RAST2:fig|442.17.peg.1486
RAST2:fig|442.17.peg.1487
RAST2:fig|442.17.peg.1488
RAST2:fig|442.17.peg.1489
RAST2:fig|442.17.peg.149
RAST2:fig|442.17.peg.1490
RAST2:fig|442.17.peg.1491
RAST2:fig|442.17.peg.1492
RAST2:fig|442.17.peg.1493
RAST2:fig|442.17.peg.1494
RAST2:fig|442.17.peg.1495
RAST2:fig|442.17.peg.1496
RAST2:fig|442.17.peg.1497
RAST2:fig|442.17.peg.1498
RAST2:fig|442.17.peg.1499
RAST2:fig|442.17.peg.15
RAST2:fig|442.17.peg.150
RAST2:fig|442.17.peg.1500
RAST2:fig|442.17.peg.1501
RAST2:fig|442.17.peg.1502
RAST2:fig|442.17.peg.1503
RAST2:fig|442.17.peg.1504
RAST2:fig|442.17.peg.1505
RAST2:fig|442.17.peg.1506
RAST2:fig|442.17.peg.1507
RAST2:fig|442.17.peg.1508
RAST2:fig|442.17.peg.1509
RAST2:fig|442.17.peg.151
RAST2:fig|442.17.peg.1510
RAST2:fig|442.17.peg.1511
RAST2:fig|442.17.peg.1512
RAST2:fig|442.17.peg.1513
RAST2:fig|442.17.peg.1514
RAST2:fig|442.17.peg.1515
RAST2:fig|442.17.peg.1516
RAST2:fig|442.17.peg.1517
RAST2:fig|442.17.peg.1518
RAST2:fig|442.17.peg.1519
RAST2:fig|442.17.peg.152
RAST2:fig|442.17.peg.1520
RAST2:fig|442.17.peg.1521
RAST2:fig|442.17.peg.1522
RAST2:fig|442.17.peg.1523
RAST2:fig|442.17.peg.1524
RAST2:fig|442.17.peg.1525
RAST2:fig|442.17.peg.1526
RAST2:fig|442.17.peg.1527
RAST2:fig|442.17.peg.1528
RAST2:fig|442.17.peg.1529
RAST2:fig|442.17.peg.153
RAST2:fig|442.17.peg.1530
RAST2:fig|442.17.peg.1531
RAST2:fig|442.17.peg.1532
RAST2:fig|442.17.peg.1533
RAST2:fig|442.17.peg.1534
RAST2:fig|442.17.peg.1535
RAST2:fig|442.17.peg.1536
RAST2:fig|442.17.peg.1537
RAST2:fig|442.17.peg.1538
RAST2:fig|442.17.peg.1539
RAST2:fig|442.17.peg.154
RAST2:fig|442.17.peg.1540
RAST2:fig|442.17.peg.1541
RAST2:fig|442.17.peg.1542
RAST2:fig|442.17.peg.1543
RAST2:fig|442.17.peg.1544
RAST2:fig|442.17.peg.1545
RAST2:fig|442.17.peg.1546
RAST2:fig|442.17.peg.1547
RAST2:fig|442.17.peg.1548
RAST2:fig|442.17.peg.1549
RAST2:fig|442.17.peg.155
RAST2:fig|442.17.peg.1550
RAST2:fig|442.17.peg.1551
RAST2:fig|442.17.peg.1552
RAST2:fig|442.17.peg.1553
RAST2:fig|442.17.peg.1554
RAST2:fig|442.17.peg.1555
RAST2:fig|442.17.peg.1556
RAST2:fig|442.17.peg.1557
RAST2:fig|442.17.peg.1558
RAST2:fig|442.17.peg.1559
RAST2:fig|442.17.peg.156
RAST2:fig|442.17.peg.1560
RAST2:fig|442.17.peg.1561
RAST2:fig|442.17.peg.1562
RAST2:fig|442.17.peg.1563
RAST2:fig|442.17.peg.1564
RAST2:fig|442.17.peg.1565
RAST2:fig|442.17.peg.1566
RAST2:fig|442.17.peg.1567
RAST2:fig|442.17.peg.1568
RAST2:fig|442.17.peg.1569
RAST2:fig|442.17.peg.157
RAST2:fig|442.17.peg.1570
RAST2:fig|442.17.peg.1571
RAST2:fig|442.17.peg.1572
RAST2:fig|442.17.peg.1573
RAST2:fig|442.17.peg.1574
RAST2:fig|442.17.peg.1575
RAST2:fig|442.17.peg.1576
RAST2:fig|442.17.peg.1577
RAST2:fig|442.17.peg.1578
RAST2:fig|442.17.peg.1579
RAST2:fig|442.17.peg.158
RAST2:fig|442.17.peg.1580
RAST2:fig|442.17.peg.1581
RAST2:fig|442.17.peg.1582
RAST2:fig|442.17.peg.1583
RAST2:fig|442.17.peg.1584
RAST2:fig|442.17.peg.1585
RAST2:fig|442.17.peg.1586
RAST2:fig|442.17.peg.1587
RAST2:fig|442.17.peg.1588
RAST2:fig|442.17.peg.1589
RAST2:fig|442.17.peg.159
RAST2:fig|442.17.peg.1590
RAST2:fig|442.17.peg.1591
RAST2:fig|442.17.peg.1592
RAST2:fig|442.17.peg.1593
RAST2:fig|442.17.peg.1594
RAST2:fig|442.17.peg.1595
RAST2:fig|442.17.peg.1596
RAST2:fig|442.17.peg.1597
RAST2:fig|442.17.peg.1598
RAST2:fig|442.17.peg.1599
RAST2:fig|442.17.peg.16
RAST2:fig|442.17.peg.160
RAST2:fig|442.17.peg.1600
RAST2:fig|442.17.peg.1601
RAST2:fig|442.17.peg.1602
RAST2:fig|442.17.peg.1603
RAST2:fig|442.17.peg.1604
RAST2:fig|442.17.peg.1605
RAST2:fig|442.17.peg.1606
RAST2:fig|442.17.peg.1607
RAST2:fig|442.17.peg.1608
RAST2:fig|442.17.peg.1609
RAST2:fig|442.17.peg.161
RAST2:fig|442.17.peg.1610
RAST2:fig|442.17.peg.1611
RAST2:fig|442.17.peg.1612
RAST2:fig|442.17.peg.1613
RAST2:fig|442.17.peg.1614
RAST2:fig|442.17.peg.1615
RAST2:fig|442.17.peg.1616
RAST2:fig|442.17.peg.1617
RAST2:fig|442.17.peg.1618
RAST2:fig|442.17.peg.1619
RAST2:fig|442.17.peg.162
RAST2:fig|442.17.peg.1620
RAST2:fig|442.17.peg.1621
RAST2:fig|442.17.peg.1622
RAST2:fig|442.17.peg.1623
RAST2:fig|442.17.peg.1624
RAST2:fig|442.17.peg.1625
RAST2:fig|442.17.peg.1626
RAST2:fig|442.17.peg.1627
RAST2:fig|442.17.peg.1628
RAST2:fig|442.17.peg.1629
RAST2:fig|442.17.peg.163
RAST2:fig|442.17.peg.1630
RAST2:fig|442.17.peg.1631
RAST2:fig|442.17.peg.1632
RAST2:fig|442.17.peg.1633
RAST2:fig|442.17.peg.1634
RAST2:fig|442.17.peg.1635
RAST2:fig|442.17.peg.1636
RAST2:fig|442.17.peg.1637
RAST2:fig|442.17.peg.1638
RAST2:fig|442.17.peg.1639
RAST2:fig|442.17.peg.164
RAST2:fig|442.17.peg.1640
RAST2:fig|442.17.peg.1641
RAST2:fig|442.17.peg.1642
RAST2:fig|442.17.peg.1643
RAST2:fig|442.17.peg.1644
RAST2:fig|442.17.peg.1645
RAST2:fig|442.17.peg.1646
RAST2:fig|442.17.peg.1647
RAST2:fig|442.17.peg.1648
RAST2:fig|442.17.peg.1649
RAST2:fig|442.17.peg.165
RAST2:fig|442.17.peg.1650
RAST2:fig|442.17.peg.1651
RAST2:fig|442.17.peg.1652
RAST2:fig|442.17.peg.1653
RAST2:fig|442.17.peg.1654
RAST2:fig|442.17.peg.1655
RAST2:fig|442.17.peg.1656
RAST2:fig|442.17.peg.1657
RAST2:fig|442.17.peg.1658
RAST2:fig|442.17.peg.1659
RAST2:fig|442.17.peg.166
RAST2:fig|442.17.peg.1660
RAST2:fig|442.17.peg.1661
RAST2:fig|442.17.peg.1662
RAST2:fig|442.17.peg.1663
RAST2:fig|442.17.peg.1664
RAST2:fig|442.17.peg.1665
RAST2:fig|442.17.peg.1666
RAST2:fig|442.17.peg.1667
RAST2:fig|442.17.peg.1668
RAST2:fig|442.17.peg.1669
RAST2:fig|442.17.peg.167
RAST2:fig|442.17.peg.1670
RAST2:fig|442.17.peg.1671
RAST2:fig|442.17.peg.1672
RAST2:fig|442.17.peg.1673
RAST2:fig|442.17.peg.1674
RAST2:fig|442.17.peg.1675
RAST2:fig|442.17.peg.1676
RAST2:fig|442.17.peg.1677
RAST2:fig|442.17.peg.1678
RAST2:fig|442.17.peg.1679
RAST2:fig|442.17.peg.168
RAST2:fig|442.17.peg.1680
RAST2:fig|442.17.peg.1681
RAST2:fig|442.17.peg.1682
RAST2:fig|442.17.peg.1683
RAST2:fig|442.17.peg.1684
RAST2:fig|442.17.peg.1685
RAST2:fig|442.17.peg.1686
RAST2:fig|442.17.peg.1687
RAST2:fig|442.17.peg.1688
RAST2:fig|442.17.peg.1689
RAST2:fig|442.17.peg.169
RAST2:fig|442.17.peg.1690
RAST2:fig|442.17.peg.1691
RAST2:fig|442.17.peg.1692
RAST2:fig|442.17.peg.1693
RAST2:fig|442.17.peg.1694
RAST2:fig|442.17.peg.1695
RAST2:fig|442.17.peg.1696
RAST2:fig|442.17.peg.1697
RAST2:fig|442.17.peg.1698
RAST2:fig|442.17.peg.1699
RAST2:fig|442.17.peg.17
RAST2:fig|442.17.peg.170
RAST2:fig|442.17.peg.1700
RAST2:fig|442.17.peg.1701
RAST2:fig|442.17.peg.1702
RAST2:fig|442.17.peg.1703
RAST2:fig|442.17.peg.1704
RAST2:fig|442.17.peg.1705
RAST2:fig|442.17.peg.1706
RAST2:fig|442.17.peg.1707
RAST2:fig|442.17.peg.1708
RAST2:fig|442.17.peg.1709
RAST2:fig|442.17.peg.171
RAST2:fig|442.17.peg.1710
RAST2:fig|442.17.peg.1711
RAST2:fig|442.17.peg.1712
RAST2:fig|442.17.peg.1713
RAST2:fig|442.17.peg.1714
RAST2:fig|442.17.peg.1715
RAST2:fig|442.17.peg.1716
RAST2:fig|442.17.peg.1717
RAST2:fig|442.17.peg.1718
RAST2:fig|442.17.peg.1719
RAST2:fig|442.17.peg.172
RAST2:fig|442.17.peg.1720
RAST2:fig|442.17.peg.1721
RAST2:fig|442.17.peg.1722
RAST2:fig|442.17.peg.1723
RAST2:fig|442.17.peg.1724
RAST2:fig|442.17.peg.1725
RAST2:fig|442.17.peg.1726
RAST2:fig|442.17.peg.1727
RAST2:fig|442.17.peg.1728
RAST2:fig|442.17.peg.1729
RAST2:fig|442.17.peg.173
RAST2:fig|442.17.peg.1730
RAST2:fig|442.17.peg.1731
RAST2:fig|442.17.peg.1732
RAST2:fig|442.17.peg.1733
RAST2:fig|442.17.peg.1734
RAST2:fig|442.17.peg.1735
RAST2:fig|442.17.peg.1736
RAST2:fig|442.17.peg.1737
RAST2:fig|442.17.peg.1738
RAST2:fig|442.17.peg.1739
RAST2:fig|442.17.peg.174
RAST2:fig|442.17.peg.1740
RAST2:fig|442.17.peg.1741
RAST2:fig|442.17.peg.1742
RAST2:fig|442.17.peg.1743
RAST2:fig|442.17.peg.1744
RAST2:fig|442.17.peg.1745
RAST2:fig|442.17.peg.1746
RAST2:fig|442.17.peg.1747
RAST2:fig|442.17.peg.1748
RAST2:fig|442.17.peg.1749
RAST2:fig|442.17.peg.175
RAST2:fig|442.17.peg.1750
RAST2:fig|442.17.peg.1751
RAST2:fig|442.17.peg.1752
RAST2:fig|442.17.peg.1753
RAST2:fig|442.17.peg.1754
RAST2:fig|442.17.peg.1755
RAST2:fig|442.17.peg.1756
RAST2:fig|442.17.peg.1757
RAST2:fig|442.17.peg.1758
RAST2:fig|442.17.peg.1759
RAST2:fig|442.17.peg.176
RAST2:fig|442.17.peg.1760
RAST2:fig|442.17.peg.1761
RAST2:fig|442.17.peg.1762
RAST2:fig|442.17.peg.1763
RAST2:fig|442.17.peg.1764
RAST2:fig|442.17.peg.1765
RAST2:fig|442.17.peg.1766
RAST2:fig|442.17.peg.1767
RAST2:fig|442.17.peg.1768
RAST2:fig|442.17.peg.1769
RAST2:fig|442.17.peg.177
RAST2:fig|442.17.peg.1770
RAST2:fig|442.17.peg.1771
RAST2:fig|442.17.peg.1772
RAST2:fig|442.17.peg.1773
RAST2:fig|442.17.peg.1774
RAST2:fig|442.17.peg.1775
RAST2:fig|442.17.peg.1776
RAST2:fig|442.17.peg.1777
RAST2:fig|442.17.peg.1778
RAST2:fig|442.17.peg.1779
RAST2:fig|442.17.peg.178
RAST2:fig|442.17.peg.1780
RAST2:fig|442.17.peg.1781
RAST2:fig|442.17.peg.1782
RAST2:fig|442.17.peg.1783
RAST2:fig|442.17.peg.1784
RAST2:fig|442.17.peg.1785
RAST2:fig|442.17.peg.1786
RAST2:fig|442.17.peg.1787
RAST2:fig|442.17.peg.1788
RAST2:fig|442.17.peg.1789
RAST2:fig|442.17.peg.179
RAST2:fig|442.17.peg.1790
RAST2:fig|442.17.peg.1791
RAST2:fig|442.17.peg.1792
RAST2:fig|442.17.peg.1793
RAST2:fig|442.17.peg.1794
RAST2:fig|442.17.peg.1795
RAST2:fig|442.17.peg.1796
RAST2:fig|442.17.peg.1797
RAST2:fig|442.17.peg.1798
RAST2:fig|442.17.peg.1799
RAST2:fig|442.17.peg.18
RAST2:fig|442.17.peg.180
RAST2:fig|442.17.peg.1800
RAST2:fig|442.17.peg.1801
RAST2:fig|442.17.peg.1802
RAST2:fig|442.17.peg.1803
RAST2:fig|442.17.peg.1804
RAST2:fig|442.17.peg.1805
RAST2:fig|442.17.peg.1806
RAST2:fig|442.17.peg.1807
RAST2:fig|442.17.peg.1808
RAST2:fig|442.17.peg.1809
RAST2:fig|442.17.peg.181
RAST2:fig|442.17.peg.1810
RAST2:fig|442.17.peg.1811
RAST2:fig|442.17.peg.1812
RAST2:fig|442.17.peg.1813
RAST2:fig|442.17.peg.1814
RAST2:fig|442.17.peg.1815
RAST2:fig|442.17.peg.1816
RAST2:fig|442.17.peg.1817
RAST2:fig|442.17.peg.1818
RAST2:fig|442.17.peg.1819
RAST2:fig|442.17.peg.182
RAST2:fig|442.17.peg.1820
RAST2:fig|442.17.peg.1821
RAST2:fig|442.17.peg.1822
RAST2:fig|442.17.peg.1823
RAST2:fig|442.17.peg.1824
RAST2:fig|442.17.peg.1825
RAST2:fig|442.17.peg.1826
RAST2:fig|442.17.peg.1827
RAST2:fig|442.17.peg.1828
RAST2:fig|442.17.peg.1829
RAST2:fig|442.17.peg.183
RAST2:fig|442.17.peg.1830
RAST2:fig|442.17.peg.1831
RAST2:fig|442.17.peg.1832
RAST2:fig|442.17.peg.1833
RAST2:fig|442.17.peg.1834
RAST2:fig|442.17.peg.1835
RAST2:fig|442.17.peg.1836
RAST2:fig|442.17.peg.1837
RAST2:fig|442.17.peg.1838
RAST2:fig|442.17.peg.1839
RAST2:fig|442.17.peg.184
RAST2:fig|442.17.peg.1840
RAST2:fig|442.17.peg.1841
RAST2:fig|442.17.peg.1842
RAST2:fig|442.17.peg.1843
RAST2:fig|442.17.peg.1844
RAST2:fig|442.17.peg.1845
RAST2:fig|442.17.peg.1846
RAST2:fig|442.17.peg.1847
RAST2:fig|442.17.peg.1848
RAST2:fig|442.17.peg.1849
RAST2:fig|442.17.peg.185
RAST2:fig|442.17.peg.1850
RAST2:fig|442.17.peg.1851
RAST2:fig|442.17.peg.1852
RAST2:fig|442.17.peg.1853
RAST2:fig|442.17.peg.1854
RAST2:fig|442.17.peg.1855
RAST2:fig|442.17.peg.1856
RAST2:fig|442.17.peg.1857
RAST2:fig|442.17.peg.1858
RAST2:fig|442.17.peg.1859
RAST2:fig|442.17.peg.186
RAST2:fig|442.17.peg.1860
RAST2:fig|442.17.peg.1861
RAST2:fig|442.17.peg.1862
RAST2:fig|442.17.peg.1863
RAST2:fig|442.17.peg.1864
RAST2:fig|442.17.peg.1865
RAST2:fig|442.17.peg.1866
RAST2:fig|442.17.peg.1867
RAST2:fig|442.17.peg.1868
RAST2:fig|442.17.peg.1869
RAST2:fig|442.17.peg.187
RAST2:fig|442.17.peg.1870
RAST2:fig|442.17.peg.1871
RAST2:fig|442.17.peg.1872
RAST2:fig|442.17.peg.1873
RAST2:fig|442.17.peg.1874
RAST2:fig|442.17.peg.1875
RAST2:fig|442.17.peg.1876
RAST2:fig|442.17.peg.1877
RAST2:fig|442.17.peg.1878
RAST2:fig|442.17.peg.1879
RAST2:fig|442.17.peg.188
RAST2:fig|442.17.peg.1880
RAST2:fig|442.17.peg.1881
RAST2:fig|442.17.peg.1882
RAST2:fig|442.17.peg.1883
RAST2:fig|442.17.peg.1884
RAST2:fig|442.17.peg.1885
RAST2:fig|442.17.peg.1886
RAST2:fig|442.17.peg.1887
RAST2:fig|442.17.peg.1888
RAST2:fig|442.17.peg.1889
RAST2:fig|442.17.peg.189
RAST2:fig|442.17.peg.1890
RAST2:fig|442.17.peg.1891
RAST2:fig|442.17.peg.1892
RAST2:fig|442.17.peg.1893
RAST2:fig|442.17.peg.1894
RAST2:fig|442.17.peg.1895
RAST2:fig|442.17.peg.1896
RAST2:fig|442.17.peg.1897
RAST2:fig|442.17.peg.1898
RAST2:fig|442.17.peg.1899
RAST2:fig|442.17.peg.19
RAST2:fig|442.17.peg.190
RAST2:fig|442.17.peg.1900
RAST2:fig|442.17.peg.1901
RAST2:fig|442.17.peg.1902
RAST2:fig|442.17.peg.1903
RAST2:fig|442.17.peg.1904
RAST2:fig|442.17.peg.1905
RAST2:fig|442.17.peg.1906
RAST2:fig|442.17.peg.1907
RAST2:fig|442.17.peg.1908
RAST2:fig|442.17.peg.1909
RAST2:fig|442.17.peg.191
RAST2:fig|442.17.peg.1910
RAST2:fig|442.17.peg.1911
RAST2:fig|442.17.peg.1912
RAST2:fig|442.17.peg.1913
RAST2:fig|442.17.peg.1914
RAST2:fig|442.17.peg.1915
RAST2:fig|442.17.peg.1916
RAST2:fig|442.17.peg.1917
RAST2:fig|442.17.peg.1918
RAST2:fig|442.17.peg.1919
RAST2:fig|442.17.peg.192
RAST2:fig|442.17.peg.1920
RAST2:fig|442.17.peg.1921
RAST2:fig|442.17.peg.1922
RAST2:fig|442.17.peg.1923
RAST2:fig|442.17.peg.1924
RAST2:fig|442.17.peg.1925
RAST2:fig|442.17.peg.1926
RAST2:fig|442.17.peg.1927
RAST2:fig|442.17.peg.1928
RAST2:fig|442.17.peg.1929
RAST2:fig|442.17.peg.193
RAST2:fig|442.17.peg.1930
RAST2:fig|442.17.peg.1931
RAST2:fig|442.17.peg.1932
RAST2:fig|442.17.peg.1933
RAST2:fig|442.17.peg.1934
RAST2:fig|442.17.peg.1935
RAST2:fig|442.17.peg.1936
RAST2:fig|442.17.peg.1937
RAST2:fig|442.17.peg.1938
RAST2:fig|442.17.peg.1939
RAST2:fig|442.17.peg.194
RAST2:fig|442.17.peg.1940
RAST2:fig|442.17.peg.1941
RAST2:fig|442.17.peg.1942
RAST2:fig|442.17.peg.1943
RAST2:fig|442.17.peg.1944
RAST2:fig|442.17.peg.1945
RAST2:fig|442.17.peg.1946
RAST2:fig|442.17.peg.1947
RAST2:fig|442.17.peg.1948
RAST2:fig|442.17.peg.1949
RAST2:fig|442.17.peg.195
RAST2:fig|442.17.peg.1950
RAST2:fig|442.17.peg.1951
RAST2:fig|442.17.peg.1952
RAST2:fig|442.17.peg.1953
RAST2:fig|442.17.peg.1954
RAST2:fig|442.17.peg.1955
RAST2:fig|442.17.peg.1956
RAST2:fig|442.17.peg.1957
RAST2:fig|442.17.peg.1958
RAST2:fig|442.17.peg.1959
RAST2:fig|442.17.peg.196
RAST2:fig|442.17.peg.1960
RAST2:fig|442.17.peg.1961
RAST2:fig|442.17.peg.1962
RAST2:fig|442.17.peg.1963
RAST2:fig|442.17.peg.1964
RAST2:fig|442.17.peg.1965
RAST2:fig|442.17.peg.1966
RAST2:fig|442.17.peg.1967
RAST2:fig|442.17.peg.1968
RAST2:fig|442.17.peg.1969
RAST2:fig|442.17.peg.197
RAST2:fig|442.17.peg.1970
RAST2:fig|442.17.peg.1971
RAST2:fig|442.17.peg.1972
RAST2:fig|442.17.peg.1973
RAST2:fig|442.17.peg.1974
RAST2:fig|442.17.peg.1975
RAST2:fig|442.17.peg.1976
RAST2:fig|442.17.peg.1977
RAST2:fig|442.17.peg.1978
RAST2:fig|442.17.peg.1979
RAST2:fig|442.17.peg.198
RAST2:fig|442.17.peg.1980
RAST2:fig|442.17.peg.1981
RAST2:fig|442.17.peg.1982
RAST2:fig|442.17.peg.1983
RAST2:fig|442.17.peg.1984
RAST2:fig|442.17.peg.1985
RAST2:fig|442.17.peg.1986
RAST2:fig|442.17.peg.1987
RAST2:fig|442.17.peg.1988
RAST2:fig|442.17.peg.1989
RAST2:fig|442.17.peg.199
RAST2:fig|442.17.peg.1990
RAST2:fig|442.17.peg.1991
RAST2:fig|442.17.peg.1992
RAST2:fig|442.17.peg.1993
RAST2:fig|442.17.peg.1994
RAST2:fig|442.17.peg.1995
RAST2:fig|442.17.peg.1996
RAST2:fig|442.17.peg.1997
RAST2:fig|442.17.peg.1998
RAST2:fig|442.17.peg.1999
RAST2:fig|442.17.peg.2
RAST2:fig|442.17.peg.20
RAST2:fig|442.17.peg.200
RAST2:fig|442.17.peg.2000
RAST2:fig|442.17.peg.2001
RAST2:fig|442.17.peg.2002
RAST2:fig|442.17.peg.2003
RAST2:fig|442.17.peg.2004
RAST2:fig|442.17.peg.2005
RAST2:fig|442.17.peg.2006
RAST2:fig|442.17.peg.2007
RAST2:fig|442.17.peg.2008
RAST2:fig|442.17.peg.2009
RAST2:fig|442.17.peg.201
RAST2:fig|442.17.peg.2010
RAST2:fig|442.17.peg.2011
RAST2:fig|442.17.peg.2012
RAST2:fig|442.17.peg.2013
RAST2:fig|442.17.peg.2014
RAST2:fig|442.17.peg.2015
RAST2:fig|442.17.peg.2016
RAST2:fig|442.17.peg.2017
RAST2:fig|442.17.peg.2018
RAST2:fig|442.17.peg.2019
RAST2:fig|442.17.peg.202
RAST2:fig|442.17.peg.2020
RAST2:fig|442.17.peg.2021
RAST2:fig|442.17.peg.2022
RAST2:fig|442.17.peg.2023
RAST2:fig|442.17.peg.2024
RAST2:fig|442.17.peg.2025
RAST2:fig|442.17.peg.2026
RAST2:fig|442.17.peg.2027
RAST2:fig|442.17.peg.2028
RAST2:fig|442.17.peg.2029
RAST2:fig|442.17.peg.203
RAST2:fig|442.17.peg.2030
RAST2:fig|442.17.peg.2031
RAST2:fig|442.17.peg.2032
RAST2:fig|442.17.peg.2033
RAST2:fig|442.17.peg.2034
RAST2:fig|442.17.peg.2035
RAST2:fig|442.17.peg.2036
RAST2:fig|442.17.peg.2037
RAST2:fig|442.17.peg.2038
RAST2:fig|442.17.peg.2039
RAST2:fig|442.17.peg.204
RAST2:fig|442.17.peg.2040
RAST2:fig|442.17.peg.2041
RAST2:fig|442.17.peg.2042
RAST2:fig|442.17.peg.2043
RAST2:fig|442.17.peg.2044
RAST2:fig|442.17.peg.2045
RAST2:fig|442.17.peg.2046
RAST2:fig|442.17.peg.2047
RAST2:fig|442.17.peg.2048
RAST2:fig|442.17.peg.2049
RAST2:fig|442.17.peg.205
RAST2:fig|442.17.peg.2050
RAST2:fig|442.17.peg.2051
RAST2:fig|442.17.peg.2052
RAST2:fig|442.17.peg.2053
RAST2:fig|442.17.peg.2054
RAST2:fig|442.17.peg.2055
RAST2:fig|442.17.peg.2056
RAST2:fig|442.17.peg.2057
RAST2:fig|442.17.peg.2058
RAST2:fig|442.17.peg.2059
RAST2:fig|442.17.peg.206
RAST2:fig|442.17.peg.2060
RAST2:fig|442.17.peg.2061
RAST2:fig|442.17.peg.2062
RAST2:fig|442.17.peg.2063
RAST2:fig|442.17.peg.2064
RAST2:fig|442.17.peg.2065
RAST2:fig|442.17.peg.2066
RAST2:fig|442.17.peg.2067
RAST2:fig|442.17.peg.2068
RAST2:fig|442.17.peg.2069
RAST2:fig|442.17.peg.207
RAST2:fig|442.17.peg.2070
RAST2:fig|442.17.peg.2071
RAST2:fig|442.17.peg.2072
RAST2:fig|442.17.peg.2073
RAST2:fig|442.17.peg.2074
RAST2:fig|442.17.peg.2075
RAST2:fig|442.17.peg.2076
RAST2:fig|442.17.peg.2077
RAST2:fig|442.17.peg.2078
RAST2:fig|442.17.peg.2079
RAST2:fig|442.17.peg.208
RAST2:fig|442.17.peg.2080
RAST2:fig|442.17.peg.2081
RAST2:fig|442.17.peg.2082
RAST2:fig|442.17.peg.2083
RAST2:fig|442.17.peg.2084
RAST2:fig|442.17.peg.2085
RAST2:fig|442.17.peg.2086
RAST2:fig|442.17.peg.2087
RAST2:fig|442.17.peg.2088
RAST2:fig|442.17.peg.2089
RAST2:fig|442.17.peg.209
RAST2:fig|442.17.peg.2090
RAST2:fig|442.17.peg.2091
RAST2:fig|442.17.peg.2092
RAST2:fig|442.17.peg.2093
RAST2:fig|442.17.peg.2094
RAST2:fig|442.17.peg.2095
RAST2:fig|442.17.peg.2096
RAST2:fig|442.17.peg.2097
RAST2:fig|442.17.peg.2098
RAST2:fig|442.17.peg.2099
RAST2:fig|442.17.peg.21
RAST2:fig|442.17.peg.210
RAST2:fig|442.17.peg.2100
RAST2:fig|442.17.peg.2101
RAST2:fig|442.17.peg.2102
RAST2:fig|442.17.peg.2103
RAST2:fig|442.17.peg.2104
RAST2:fig|442.17.peg.2105
RAST2:fig|442.17.peg.2106
RAST2:fig|442.17.peg.2107
RAST2:fig|442.17.peg.2108
RAST2:fig|442.17.peg.2109
RAST2:fig|442.17.peg.211
RAST2:fig|442.17.peg.2110
RAST2:fig|442.17.peg.2111
RAST2:fig|442.17.peg.2112
RAST2:fig|442.17.peg.2113
RAST2:fig|442.17.peg.2114
RAST2:fig|442.17.peg.2115
RAST2:fig|442.17.peg.2116
RAST2:fig|442.17.peg.2117
RAST2:fig|442.17.peg.2118
RAST2:fig|442.17.peg.2119
RAST2:fig|442.17.peg.212
RAST2:fig|442.17.peg.2120
RAST2:fig|442.17.peg.2121
RAST2:fig|442.17.peg.2122
RAST2:fig|442.17.peg.2123
RAST2:fig|442.17.peg.2124
RAST2:fig|442.17.peg.2125
RAST2:fig|442.17.peg.2126
RAST2:fig|442.17.peg.2127
RAST2:fig|442.17.peg.2128
RAST2:fig|442.17.peg.2129
RAST2:fig|442.17.peg.213
RAST2:fig|442.17.peg.2130
RAST2:fig|442.17.peg.2131
RAST2:fig|442.17.peg.2132
RAST2:fig|442.17.peg.2133
RAST2:fig|442.17.peg.2134
RAST2:fig|442.17.peg.2135
RAST2:fig|442.17.peg.2136
RAST2:fig|442.17.peg.2137
RAST2:fig|442.17.peg.2138
RAST2:fig|442.17.peg.2139
RAST2:fig|442.17.peg.214
RAST2:fig|442.17.peg.2140
RAST2:fig|442.17.peg.2141
RAST2:fig|442.17.peg.2142
RAST2:fig|442.17.peg.2143
RAST2:fig|442.17.peg.2144
RAST2:fig|442.17.peg.2145
RAST2:fig|442.17.peg.2146
RAST2:fig|442.17.peg.2147
RAST2:fig|442.17.peg.2148
RAST2:fig|442.17.peg.2149
RAST2:fig|442.17.peg.215
RAST2:fig|442.17.peg.2150
RAST2:fig|442.17.peg.2151
RAST2:fig|442.17.peg.2152
RAST2:fig|442.17.peg.2153
RAST2:fig|442.17.peg.2154
RAST2:fig|442.17.peg.2155
RAST2:fig|442.17.peg.2156
RAST2:fig|442.17.peg.2157
RAST2:fig|442.17.peg.2158
RAST2:fig|442.17.peg.2159
RAST2:fig|442.17.peg.216
RAST2:fig|442.17.peg.2160
RAST2:fig|442.17.peg.2161
RAST2:fig|442.17.peg.2162
RAST2:fig|442.17.peg.2163
RAST2:fig|442.17.peg.2164
RAST2:fig|442.17.peg.2165
RAST2:fig|442.17.peg.2166
RAST2:fig|442.17.peg.2167
RAST2:fig|442.17.peg.2168
RAST2:fig|442.17.peg.2169
RAST2:fig|442.17.peg.217
RAST2:fig|442.17.peg.2170
RAST2:fig|442.17.peg.2171
RAST2:fig|442.17.peg.2172
RAST2:fig|442.17.peg.2173
RAST2:fig|442.17.peg.2174
RAST2:fig|442.17.peg.2175
RAST2:fig|442.17.peg.2176
RAST2:fig|442.17.peg.2177
RAST2:fig|442.17.peg.2178
RAST2:fig|442.17.peg.2179
RAST2:fig|442.17.peg.218
RAST2:fig|442.17.peg.2180
RAST2:fig|442.17.peg.2181
RAST2:fig|442.17.peg.2182
RAST2:fig|442.17.peg.2183
RAST2:fig|442.17.peg.2184
RAST2:fig|442.17.peg.2185
RAST2:fig|442.17.peg.2186
RAST2:fig|442.17.peg.2187
RAST2:fig|442.17.peg.2188
RAST2:fig|442.17.peg.2189
RAST2:fig|442.17.peg.219
RAST2:fig|442.17.peg.2190
RAST2:fig|442.17.peg.2191
RAST2:fig|442.17.peg.2192
RAST2:fig|442.17.peg.2193
RAST2:fig|442.17.peg.2194
RAST2:fig|442.17.peg.2195
RAST2:fig|442.17.peg.2196
RAST2:fig|442.17.peg.2197
RAST2:fig|442.17.peg.2198
RAST2:fig|442.17.peg.2199
RAST2:fig|442.17.peg.22
RAST2:fig|442.17.peg.220
RAST2:fig|442.17.peg.2200
RAST2:fig|442.17.peg.2201
RAST2:fig|442.17.peg.2202
RAST2:fig|442.17.peg.2203
RAST2:fig|442.17.peg.2204
RAST2:fig|442.17.peg.2205
RAST2:fig|442.17.peg.2206
RAST2:fig|442.17.peg.2207
RAST2:fig|442.17.peg.2208
RAST2:fig|442.17.peg.2209
RAST2:fig|442.17.peg.221
RAST2:fig|442.17.peg.2210
RAST2:fig|442.17.peg.2211
RAST2:fig|442.17.peg.2212
RAST2:fig|442.17.peg.2213
RAST2:fig|442.17.peg.2214
RAST2:fig|442.17.peg.2215
RAST2:fig|442.17.peg.2216
RAST2:fig|442.17.peg.2217
RAST2:fig|442.17.peg.2218
RAST2:fig|442.17.peg.2219
RAST2:fig|442.17.peg.222
RAST2:fig|442.17.peg.2220
RAST2:fig|442.17.peg.2221
RAST2:fig|442.17.peg.2222
RAST2:fig|442.17.peg.2223
RAST2:fig|442.17.peg.2224
RAST2:fig|442.17.peg.2225
RAST2:fig|442.17.peg.2226
RAST2:fig|442.17.peg.2227
RAST2:fig|442.17.peg.2228
RAST2:fig|442.17.peg.2229
RAST2:fig|442.17.peg.223
RAST2:fig|442.17.peg.2230
RAST2:fig|442.17.peg.2231
RAST2:fig|442.17.peg.2232
RAST2:fig|442.17.peg.2233
RAST2:fig|442.17.peg.2234
RAST2:fig|442.17.peg.2235
RAST2:fig|442.17.peg.2236
RAST2:fig|442.17.peg.2237
RAST2:fig|442.17.peg.2238
RAST2:fig|442.17.peg.2239
RAST2:fig|442.17.peg.224
RAST2:fig|442.17.peg.2240
RAST2:fig|442.17.peg.2241
RAST2:fig|442.17.peg.2242
RAST2:fig|442.17.peg.2243
RAST2:fig|442.17.peg.2244
RAST2:fig|442.17.peg.2245
RAST2:fig|442.17.peg.2246
RAST2:fig|442.17.peg.2247
RAST2:fig|442.17.peg.2248
RAST2:fig|442.17.peg.2249
RAST2:fig|442.17.peg.225
RAST2:fig|442.17.peg.2250
RAST2:fig|442.17.peg.2251
RAST2:fig|442.17.peg.2252
RAST2:fig|442.17.peg.2253
RAST2:fig|442.17.peg.2254
RAST2:fig|442.17.peg.2255
RAST2:fig|442.17.peg.2256
RAST2:fig|442.17.peg.2257
RAST2:fig|442.17.peg.2258
RAST2:fig|442.17.peg.2259
RAST2:fig|442.17.peg.226
RAST2:fig|442.17.peg.2260
RAST2:fig|442.17.peg.2261
RAST2:fig|442.17.peg.2262
RAST2:fig|442.17.peg.2263
RAST2:fig|442.17.peg.2264
RAST2:fig|442.17.peg.2265
RAST2:fig|442.17.peg.2266
RAST2:fig|442.17.peg.2267
RAST2:fig|442.17.peg.2268
RAST2:fig|442.17.peg.2269
RAST2:fig|442.17.peg.227
RAST2:fig|442.17.peg.2270
RAST2:fig|442.17.peg.2271
RAST2:fig|442.17.peg.2272
RAST2:fig|442.17.peg.2273
RAST2:fig|442.17.peg.2274
RAST2:fig|442.17.peg.2275
RAST2:fig|442.17.peg.2276
RAST2:fig|442.17.peg.2277
RAST2:fig|442.17.peg.2278
RAST2:fig|442.17.peg.2279
RAST2:fig|442.17.peg.228
RAST2:fig|442.17.peg.2280
RAST2:fig|442.17.peg.2281
RAST2:fig|442.17.peg.2282
RAST2:fig|442.17.peg.2283
RAST2:fig|442.17.peg.2284
RAST2:fig|442.17.peg.2285
RAST2:fig|442.17.peg.2286
RAST2:fig|442.17.peg.2287
RAST2:fig|442.17.peg.2288
RAST2:fig|442.17.peg.2289
RAST2:fig|442.17.peg.229
RAST2:fig|442.17.peg.2290
RAST2:fig|442.17.peg.2291
RAST2:fig|442.17.peg.2292
RAST2:fig|442.17.peg.2293
RAST2:fig|442.17.peg.2294
RAST2:fig|442.17.peg.2295
RAST2:fig|442.17.peg.2296
RAST2:fig|442.17.peg.2297
RAST2:fig|442.17.peg.2298
RAST2:fig|442.17.peg.2299
RAST2:fig|442.17.peg.23
RAST2:fig|442.17.peg.230
RAST2:fig|442.17.peg.2300
RAST2:fig|442.17.peg.2301
RAST2:fig|442.17.peg.2302
RAST2:fig|442.17.peg.2303
RAST2:fig|442.17.peg.2304
RAST2:fig|442.17.peg.2305
RAST2:fig|442.17.peg.2306
RAST2:fig|442.17.peg.2307
RAST2:fig|442.17.peg.2308
RAST2:fig|442.17.peg.2309
RAST2:fig|442.17.peg.231
RAST2:fig|442.17.peg.2310
RAST2:fig|442.17.peg.2311
RAST2:fig|442.17.peg.2312
RAST2:fig|442.17.peg.2313
RAST2:fig|442.17.peg.2314
RAST2:fig|442.17.peg.2315
RAST2:fig|442.17.peg.2316
RAST2:fig|442.17.peg.2317
RAST2:fig|442.17.peg.2318
RAST2:fig|442.17.peg.2319
RAST2:fig|442.17.peg.232
RAST2:fig|442.17.peg.2320
RAST2:fig|442.17.peg.2321
RAST2:fig|442.17.peg.2322
RAST2:fig|442.17.peg.2323
RAST2:fig|442.17.peg.2324
RAST2:fig|442.17.peg.2325
RAST2:fig|442.17.peg.2326
RAST2:fig|442.17.peg.2327
RAST2:fig|442.17.peg.2328
RAST2:fig|442.17.peg.2329
RAST2:fig|442.17.peg.233
RAST2:fig|442.17.peg.2330
RAST2:fig|442.17.peg.2331
RAST2:fig|442.17.peg.2332
RAST2:fig|442.17.peg.2333
RAST2:fig|442.17.peg.2334
RAST2:fig|442.17.peg.2335
RAST2:fig|442.17.peg.2336
RAST2:fig|442.17.peg.2337
RAST2:fig|442.17.peg.2338
RAST2:fig|442.17.peg.2339
RAST2:fig|442.17.peg.234
RAST2:fig|442.17.peg.2340
RAST2:fig|442.17.peg.2341
RAST2:fig|442.17.peg.2342
RAST2:fig|442.17.peg.2343
RAST2:fig|442.17.peg.2344
RAST2:fig|442.17.peg.2345
RAST2:fig|442.17.peg.2346
RAST2:fig|442.17.peg.2347
RAST2:fig|442.17.peg.2348
RAST2:fig|442.17.peg.2349
RAST2:fig|442.17.peg.235
RAST2:fig|442.17.peg.2350
RAST2:fig|442.17.peg.2351
RAST2:fig|442.17.peg.2352
RAST2:fig|442.17.peg.2353
RAST2:fig|442.17.peg.2354
RAST2:fig|442.17.peg.2355
RAST2:fig|442.17.peg.2356
RAST2:fig|442.17.peg.2357
RAST2:fig|442.17.peg.2358
RAST2:fig|442.17.peg.2359
RAST2:fig|442.17.peg.236
RAST2:fig|442.17.peg.2360
RAST2:fig|442.17.peg.2361
RAST2:fig|442.17.peg.2362
RAST2:fig|442.17.peg.2363
RAST2:fig|442.17.peg.2364
RAST2:fig|442.17.peg.2365
RAST2:fig|442.17.peg.2366
RAST2:fig|442.17.peg.2367
RAST2:fig|442.17.peg.2368
RAST2:fig|442.17.peg.2369
RAST2:fig|442.17.peg.237
RAST2:fig|442.17.peg.2370
RAST2:fig|442.17.peg.2371
RAST2:fig|442.17.peg.2372
RAST2:fig|442.17.peg.2373
RAST2:fig|442.17.peg.2374
RAST2:fig|442.17.peg.2375
RAST2:fig|442.17.peg.2376
RAST2:fig|442.17.peg.2377
RAST2:fig|442.17.peg.2378
RAST2:fig|442.17.peg.2379
RAST2:fig|442.17.peg.238
RAST2:fig|442.17.peg.2380
RAST2:fig|442.17.peg.2381
RAST2:fig|442.17.peg.2382
RAST2:fig|442.17.peg.2383
RAST2:fig|442.17.peg.2384
RAST2:fig|442.17.peg.2385
RAST2:fig|442.17.peg.2386
RAST2:fig|442.17.peg.2387
RAST2:fig|442.17.peg.2388
RAST2:fig|442.17.peg.2389
RAST2:fig|442.17.peg.239
RAST2:fig|442.17.peg.2390
RAST2:fig|442.17.peg.2391
RAST2:fig|442.17.peg.2392
RAST2:fig|442.17.peg.2393
RAST2:fig|442.17.peg.2394
RAST2:fig|442.17.peg.2395
RAST2:fig|442.17.peg.2396
RAST2:fig|442.17.peg.2397
RAST2:fig|442.17.peg.2398
RAST2:fig|442.17.peg.2399
RAST2:fig|442.17.peg.24
RAST2:fig|442.17.peg.240
RAST2:fig|442.17.peg.2400
RAST2:fig|442.17.peg.2401
RAST2:fig|442.17.peg.2402
RAST2:fig|442.17.peg.2403
RAST2:fig|442.17.peg.2404
RAST2:fig|442.17.peg.2405
RAST2:fig|442.17.peg.2406
RAST2:fig|442.17.peg.2407
RAST2:fig|442.17.peg.2408
RAST2:fig|442.17.peg.2409
RAST2:fig|442.17.peg.241
RAST2:fig|442.17.peg.2410
RAST2:fig|442.17.peg.2411
RAST2:fig|442.17.peg.2412
RAST2:fig|442.17.peg.2413
RAST2:fig|442.17.peg.2414
RAST2:fig|442.17.peg.2415
RAST2:fig|442.17.peg.2416
RAST2:fig|442.17.peg.2417
RAST2:fig|442.17.peg.2418
RAST2:fig|442.17.peg.2419
RAST2:fig|442.17.peg.242
RAST2:fig|442.17.peg.2420
RAST2:fig|442.17.peg.2421
RAST2:fig|442.17.peg.2422
RAST2:fig|442.17.peg.2423
RAST2:fig|442.17.peg.2424
RAST2:fig|442.17.peg.2425
RAST2:fig|442.17.peg.2426
RAST2:fig|442.17.peg.2427
RAST2:fig|442.17.peg.2428
RAST2:fig|442.17.peg.2429
RAST2:fig|442.17.peg.243
RAST2:fig|442.17.peg.2430
RAST2:fig|442.17.peg.2431
RAST2:fig|442.17.peg.2432
RAST2:fig|442.17.peg.2433
RAST2:fig|442.17.peg.2434
RAST2:fig|442.17.peg.2435
RAST2:fig|442.17.peg.2436
RAST2:fig|442.17.peg.2437
RAST2:fig|442.17.peg.2438
RAST2:fig|442.17.peg.2439
RAST2:fig|442.17.peg.244
RAST2:fig|442.17.peg.2440
RAST2:fig|442.17.peg.2441
RAST2:fig|442.17.peg.2442
RAST2:fig|442.17.peg.2443
RAST2:fig|442.17.peg.2444
RAST2:fig|442.17.peg.2445
RAST2:fig|442.17.peg.2446
RAST2:fig|442.17.peg.2447
RAST2:fig|442.17.peg.2448
RAST2:fig|442.17.peg.2449
RAST2:fig|442.17.peg.245
RAST2:fig|442.17.peg.2450
RAST2:fig|442.17.peg.2451
RAST2:fig|442.17.peg.2452
RAST2:fig|442.17.peg.2453
RAST2:fig|442.17.peg.2454
RAST2:fig|442.17.peg.2455
RAST2:fig|442.17.peg.2456
RAST2:fig|442.17.peg.2457
RAST2:fig|442.17.peg.2458
RAST2:fig|442.17.peg.2459
RAST2:fig|442.17.peg.246
RAST2:fig|442.17.peg.2460
RAST2:fig|442.17.peg.2461
RAST2:fig|442.17.peg.2462
RAST2:fig|442.17.peg.2463
RAST2:fig|442.17.peg.2464
RAST2:fig|442.17.peg.2465
RAST2:fig|442.17.peg.2466
RAST2:fig|442.17.peg.2467
RAST2:fig|442.17.peg.2468
RAST2:fig|442.17.peg.2469
RAST2:fig|442.17.peg.247
RAST2:fig|442.17.peg.2470
RAST2:fig|442.17.peg.2471
RAST2:fig|442.17.peg.2472
RAST2:fig|442.17.peg.2473
RAST2:fig|442.17.peg.2474
RAST2:fig|442.17.peg.2475
RAST2:fig|442.17.peg.2476
RAST2:fig|442.17.peg.2477
RAST2:fig|442.17.peg.2478
RAST2:fig|442.17.peg.2479
RAST2:fig|442.17.peg.248
RAST2:fig|442.17.peg.2480
RAST2:fig|442.17.peg.2481
RAST2:fig|442.17.peg.2482
RAST2:fig|442.17.peg.2483
RAST2:fig|442.17.peg.2484
RAST2:fig|442.17.peg.2485
RAST2:fig|442.17.peg.2486
RAST2:fig|442.17.peg.2487
RAST2:fig|442.17.peg.2488
RAST2:fig|442.17.peg.2489
RAST2:fig|442.17.peg.249
RAST2:fig|442.17.peg.2490
RAST2:fig|442.17.peg.2491
RAST2:fig|442.17.peg.2492
RAST2:fig|442.17.peg.2493
RAST2:fig|442.17.peg.2494
RAST2:fig|442.17.peg.2495
RAST2:fig|442.17.peg.2496
RAST2:fig|442.17.peg.2497
RAST2:fig|442.17.peg.2498
RAST2:fig|442.17.peg.2499
RAST2:fig|442.17.peg.25
RAST2:fig|442.17.peg.250
RAST2:fig|442.17.peg.2500
RAST2:fig|442.17.peg.2501
RAST2:fig|442.17.peg.2502
RAST2:fig|442.17.peg.2503
RAST2:fig|442.17.peg.2504
RAST2:fig|442.17.peg.2505
RAST2:fig|442.17.peg.2506
RAST2:fig|442.17.peg.2507
RAST2:fig|442.17.peg.2508
RAST2:fig|442.17.peg.2509
RAST2:fig|442.17.peg.251
RAST2:fig|442.17.peg.2510
RAST2:fig|442.17.peg.2511
RAST2:fig|442.17.peg.2512
RAST2:fig|442.17.peg.2513
RAST2:fig|442.17.peg.2514
RAST2:fig|442.17.peg.2515
RAST2:fig|442.17.peg.2516
RAST2:fig|442.17.peg.2517
RAST2:fig|442.17.peg.2518
RAST2:fig|442.17.peg.2519
RAST2:fig|442.17.peg.252
RAST2:fig|442.17.peg.2520
RAST2:fig|442.17.peg.2521
RAST2:fig|442.17.peg.2522
RAST2:fig|442.17.peg.2523
RAST2:fig|442.17.peg.2524
RAST2:fig|442.17.peg.2525
RAST2:fig|442.17.peg.2526
RAST2:fig|442.17.peg.2527
RAST2:fig|442.17.peg.2528
RAST2:fig|442.17.peg.2529
RAST2:fig|442.17.peg.253
RAST2:fig|442.17.peg.2530
RAST2:fig|442.17.peg.2531
RAST2:fig|442.17.peg.2532
RAST2:fig|442.17.peg.2533
RAST2:fig|442.17.peg.2534
RAST2:fig|442.17.peg.2535
RAST2:fig|442.17.peg.2536
RAST2:fig|442.17.peg.2537
RAST2:fig|442.17.peg.2538
RAST2:fig|442.17.peg.2539
RAST2:fig|442.17.peg.254
RAST2:fig|442.17.peg.2540
RAST2:fig|442.17.peg.2541
RAST2:fig|442.17.peg.2542
RAST2:fig|442.17.peg.2543
RAST2:fig|442.17.peg.2544
RAST2:fig|442.17.peg.2545
RAST2:fig|442.17.peg.2546
RAST2:fig|442.17.peg.2547
RAST2:fig|442.17.peg.2548
RAST2:fig|442.17.peg.2549
RAST2:fig|442.17.peg.255
RAST2:fig|442.17.peg.2550
RAST2:fig|442.17.peg.2551
RAST2:fig|442.17.peg.2552
RAST2:fig|442.17.peg.2553
RAST2:fig|442.17.peg.2554
RAST2:fig|442.17.peg.2555
RAST2:fig|442.17.peg.2556
RAST2:fig|442.17.peg.2557
RAST2:fig|442.17.peg.2558
RAST2:fig|442.17.peg.2559
RAST2:fig|442.17.peg.256
RAST2:fig|442.17.peg.2560
RAST2:fig|442.17.peg.2561
RAST2:fig|442.17.peg.2562
RAST2:fig|442.17.peg.2563
RAST2:fig|442.17.peg.2564
RAST2:fig|442.17.peg.2565
RAST2:fig|442.17.peg.2566
RAST2:fig|442.17.peg.2567
RAST2:fig|442.17.peg.2568
RAST2:fig|442.17.peg.2569
RAST2:fig|442.17.peg.257
RAST2:fig|442.17.peg.2570
RAST2:fig|442.17.peg.2571
RAST2:fig|442.17.peg.2572
RAST2:fig|442.17.peg.2573
RAST2:fig|442.17.peg.2574
RAST2:fig|442.17.peg.2575
RAST2:fig|442.17.peg.2576
RAST2:fig|442.17.peg.2577
RAST2:fig|442.17.peg.2578
RAST2:fig|442.17.peg.2579
RAST2:fig|442.17.peg.258
RAST2:fig|442.17.peg.2580
RAST2:fig|442.17.peg.2581
RAST2:fig|442.17.peg.2582
RAST2:fig|442.17.peg.2583
RAST2:fig|442.17.peg.2584
RAST2:fig|442.17.peg.2585
RAST2:fig|442.17.peg.2586
RAST2:fig|442.17.peg.2587
RAST2:fig|442.17.peg.2588
RAST2:fig|442.17.peg.2589
RAST2:fig|442.17.peg.259
RAST2:fig|442.17.peg.2590
RAST2:fig|442.17.peg.2591
RAST2:fig|442.17.peg.2592
RAST2:fig|442.17.peg.2593
RAST2:fig|442.17.peg.2594
RAST2:fig|442.17.peg.2595
RAST2:fig|442.17.peg.2596
RAST2:fig|442.17.peg.2597
RAST2:fig|442.17.peg.2598
RAST2:fig|442.17.peg.2599
RAST2:fig|442.17.peg.26
RAST2:fig|442.17.peg.260
RAST2:fig|442.17.peg.2600
RAST2:fig|442.17.peg.2601
RAST2:fig|442.17.peg.2602
RAST2:fig|442.17.peg.2603
RAST2:fig|442.17.peg.2604
RAST2:fig|442.17.peg.2605
RAST2:fig|442.17.peg.2606
RAST2:fig|442.17.peg.2607
RAST2:fig|442.17.peg.2608
RAST2:fig|442.17.peg.2609
RAST2:fig|442.17.peg.261
RAST2:fig|442.17.peg.2610
RAST2:fig|442.17.peg.2611
RAST2:fig|442.17.peg.2612
RAST2:fig|442.17.peg.2613
RAST2:fig|442.17.peg.2614
RAST2:fig|442.17.peg.2615
RAST2:fig|442.17.peg.2616
RAST2:fig|442.17.peg.2617
RAST2:fig|442.17.peg.2618
RAST2:fig|442.17.peg.2619
RAST2:fig|442.17.peg.262
RAST2:fig|442.17.peg.2620
RAST2:fig|442.17.peg.2621
RAST2:fig|442.17.peg.2622
RAST2:fig|442.17.peg.2623
RAST2:fig|442.17.peg.2624
RAST2:fig|442.17.peg.2625
RAST2:fig|442.17.peg.2626
RAST2:fig|442.17.peg.2627
RAST2:fig|442.17.peg.2628
RAST2:fig|442.17.peg.2629
RAST2:fig|442.17.peg.263
RAST2:fig|442.17.peg.2630
RAST2:fig|442.17.peg.2631
RAST2:fig|442.17.peg.2632
RAST2:fig|442.17.peg.2633
RAST2:fig|442.17.peg.2634
RAST2:fig|442.17.peg.2635
RAST2:fig|442.17.peg.2636
RAST2:fig|442.17.peg.2637
RAST2:fig|442.17.peg.2638
RAST2:fig|442.17.peg.2639
RAST2:fig|442.17.peg.264
RAST2:fig|442.17.peg.2640
RAST2:fig|442.17.peg.2641
RAST2:fig|442.17.peg.2642
RAST2:fig|442.17.peg.2643
RAST2:fig|442.17.peg.2644
RAST2:fig|442.17.peg.2645
RAST2:fig|442.17.peg.2646
RAST2:fig|442.17.peg.2647
RAST2:fig|442.17.peg.2648
RAST2:fig|442.17.peg.2649
RAST2:fig|442.17.peg.265
RAST2:fig|442.17.peg.2650
RAST2:fig|442.17.peg.2651
RAST2:fig|442.17.peg.2652
RAST2:fig|442.17.peg.2653
RAST2:fig|442.17.peg.2654
RAST2:fig|442.17.peg.2655
RAST2:fig|442.17.peg.2656
RAST2:fig|442.17.peg.2657
RAST2:fig|442.17.peg.2658
RAST2:fig|442.17.peg.2659
RAST2:fig|442.17.peg.266
RAST2:fig|442.17.peg.2660
RAST2:fig|442.17.peg.2661
RAST2:fig|442.17.peg.2662
RAST2:fig|442.17.peg.2663
RAST2:fig|442.17.peg.2664
RAST2:fig|442.17.peg.2665
RAST2:fig|442.17.peg.2666
RAST2:fig|442.17.peg.2667
RAST2:fig|442.17.peg.2668
RAST2:fig|442.17.peg.2669
RAST2:fig|442.17.peg.267
RAST2:fig|442.17.peg.2670
RAST2:fig|442.17.peg.2671
RAST2:fig|442.17.peg.2672
RAST2:fig|442.17.peg.2673
RAST2:fig|442.17.peg.2674
RAST2:fig|442.17.peg.2675
RAST2:fig|442.17.peg.2676
RAST2:fig|442.17.peg.2677
RAST2:fig|442.17.peg.2678
RAST2:fig|442.17.peg.2679
RAST2:fig|442.17.peg.268
RAST2:fig|442.17.peg.2680
RAST2:fig|442.17.peg.2681
RAST2:fig|442.17.peg.2682
RAST2:fig|442.17.peg.2683
RAST2:fig|442.17.peg.2684
RAST2:fig|442.17.peg.2685
RAST2:fig|442.17.peg.2686
RAST2:fig|442.17.peg.2687
RAST2:fig|442.17.peg.2688
RAST2:fig|442.17.peg.2689
RAST2:fig|442.17.peg.269
RAST2:fig|442.17.peg.2690
RAST2:fig|442.17.peg.2691
RAST2:fig|442.17.peg.2692
RAST2:fig|442.17.peg.2693
RAST2:fig|442.17.peg.2694
RAST2:fig|442.17.peg.2695
RAST2:fig|442.17.peg.2696
RAST2:fig|442.17.peg.2697
RAST2:fig|442.17.peg.2698
RAST2:fig|442.17.peg.2699
RAST2:fig|442.17.peg.27
RAST2:fig|442.17.peg.270
RAST2:fig|442.17.peg.2700
RAST2:fig|442.17.peg.2701
RAST2:fig|442.17.peg.2702
RAST2:fig|442.17.peg.2703
RAST2:fig|442.17.peg.2704
RAST2:fig|442.17.peg.2705
RAST2:fig|442.17.peg.2706
RAST2:fig|442.17.peg.2707
RAST2:fig|442.17.peg.2708
RAST2:fig|442.17.peg.2709
RAST2:fig|442.17.peg.271
RAST2:fig|442.17.peg.2710
RAST2:fig|442.17.peg.2711
RAST2:fig|442.17.peg.2712
RAST2:fig|442.17.peg.2713
RAST2:fig|442.17.peg.2714
RAST2:fig|442.17.peg.2715
RAST2:fig|442.17.peg.2716
RAST2:fig|442.17.peg.2717
RAST2:fig|442.17.peg.2718
RAST2:fig|442.17.peg.2719
RAST2:fig|442.17.peg.272
RAST2:fig|442.17.peg.2720
RAST2:fig|442.17.peg.2721
RAST2:fig|442.17.peg.2722
RAST2:fig|442.17.peg.2723
RAST2:fig|442.17.peg.2724
RAST2:fig|442.17.peg.2725
RAST2:fig|442.17.peg.2726
RAST2:fig|442.17.peg.2727
RAST2:fig|442.17.peg.2728
RAST2:fig|442.17.peg.2729
RAST2:fig|442.17.peg.273
RAST2:fig|442.17.peg.2730
RAST2:fig|442.17.peg.2731
RAST2:fig|442.17.peg.2732
RAST2:fig|442.17.peg.2733
RAST2:fig|442.17.peg.2734
RAST2:fig|442.17.peg.2735
RAST2:fig|442.17.peg.2736
RAST2:fig|442.17.peg.2737
RAST2:fig|442.17.peg.2738
RAST2:fig|442.17.peg.2739
RAST2:fig|442.17.peg.274
RAST2:fig|442.17.peg.2740
RAST2:fig|442.17.peg.2741
RAST2:fig|442.17.peg.2742
RAST2:fig|442.17.peg.2743
RAST2:fig|442.17.peg.2744
RAST2:fig|442.17.peg.2745
RAST2:fig|442.17.peg.2746
RAST2:fig|442.17.peg.2747
RAST2:fig|442.17.peg.2748
RAST2:fig|442.17.peg.2749
RAST2:fig|442.17.peg.275
RAST2:fig|442.17.peg.2750
RAST2:fig|442.17.peg.2751
RAST2:fig|442.17.peg.2752
RAST2:fig|442.17.peg.2753
RAST2:fig|442.17.peg.2754
RAST2:fig|442.17.peg.2755
RAST2:fig|442.17.peg.2756
RAST2:fig|442.17.peg.2757
RAST2:fig|442.17.peg.2758
RAST2:fig|442.17.peg.2759
RAST2:fig|442.17.peg.276
RAST2:fig|442.17.peg.2760
RAST2:fig|442.17.peg.2761
RAST2:fig|442.17.peg.2762
RAST2:fig|442.17.peg.2763
RAST2:fig|442.17.peg.2764
RAST2:fig|442.17.peg.2765
RAST2:fig|442.17.peg.2766
RAST2:fig|442.17.peg.2767
RAST2:fig|442.17.peg.2768
RAST2:fig|442.17.peg.2769
RAST2:fig|442.17.peg.277
RAST2:fig|442.17.peg.2770
RAST2:fig|442.17.peg.2771
RAST2:fig|442.17.peg.2772
RAST2:fig|442.17.peg.2773
RAST2:fig|442.17.peg.2774
RAST2:fig|442.17.peg.2775
RAST2:fig|442.17.peg.2776
RAST2:fig|442.17.peg.2777
RAST2:fig|442.17.peg.2778
RAST2:fig|442.17.peg.2779
RAST2:fig|442.17.peg.278
RAST2:fig|442.17.peg.2780
RAST2:fig|442.17.peg.2781
RAST2:fig|442.17.peg.2782
RAST2:fig|442.17.peg.2783
RAST2:fig|442.17.peg.2784
RAST2:fig|442.17.peg.2785
RAST2:fig|442.17.peg.2786
RAST2:fig|442.17.peg.2787
RAST2:fig|442.17.peg.2788
RAST2:fig|442.17.peg.2789
RAST2:fig|442.17.peg.279
RAST2:fig|442.17.peg.2790
RAST2:fig|442.17.peg.2791
RAST2:fig|442.17.peg.2792
RAST2:fig|442.17.peg.2793
RAST2:fig|442.17.peg.2794
RAST2:fig|442.17.peg.2795
RAST2:fig|442.17.peg.2796
RAST2:fig|442.17.peg.2797
RAST2:fig|442.17.peg.2798
RAST2:fig|442.17.peg.2799
RAST2:fig|442.17.peg.28
RAST2:fig|442.17.peg.280
RAST2:fig|442.17.peg.2800
RAST2:fig|442.17.peg.2801
RAST2:fig|442.17.peg.2802
RAST2:fig|442.17.peg.2803
RAST2:fig|442.17.peg.2804
RAST2:fig|442.17.peg.2805
RAST2:fig|442.17.peg.2806
RAST2:fig|442.17.peg.2807
RAST2:fig|442.17.peg.2808
RAST2:fig|442.17.peg.2809
RAST2:fig|442.17.peg.281
RAST2:fig|442.17.peg.2810
RAST2:fig|442.17.peg.2811
RAST2:fig|442.17.peg.2812
RAST2:fig|442.17.peg.2813
RAST2:fig|442.17.peg.2814
RAST2:fig|442.17.peg.2815
RAST2:fig|442.17.peg.2816
RAST2:fig|442.17.peg.2817
RAST2:fig|442.17.peg.2818
RAST2:fig|442.17.peg.2819
RAST2:fig|442.17.peg.282
RAST2:fig|442.17.peg.2820
RAST2:fig|442.17.peg.2821
RAST2:fig|442.17.peg.2822
RAST2:fig|442.17.peg.2823
RAST2:fig|442.17.peg.2824
RAST2:fig|442.17.peg.2825
RAST2:fig|442.17.peg.2826
RAST2:fig|442.17.peg.2827
RAST2:fig|442.17.peg.2828
RAST2:fig|442.17.peg.2829
RAST2:fig|442.17.peg.283
RAST2:fig|442.17.peg.2830
RAST2:fig|442.17.peg.2831
RAST2:fig|442.17.peg.2832
RAST2:fig|442.17.peg.2833
RAST2:fig|442.17.peg.2834
RAST2:fig|442.17.peg.2835
RAST2:fig|442.17.peg.2836
RAST2:fig|442.17.peg.2837
RAST2:fig|442.17.peg.2838
RAST2:fig|442.17.peg.2839
RAST2:fig|442.17.peg.284
RAST2:fig|442.17.peg.2840
RAST2:fig|442.17.peg.2841
RAST2:fig|442.17.peg.2842
RAST2:fig|442.17.peg.2843
RAST2:fig|442.17.peg.2844
RAST2:fig|442.17.peg.2845
RAST2:fig|442.17.peg.2846
RAST2:fig|442.17.peg.2847
RAST2:fig|442.17.peg.2848
RAST2:fig|442.17.peg.2849
RAST2:fig|442.17.peg.285
RAST2:fig|442.17.peg.2850
RAST2:fig|442.17.peg.2851
RAST2:fig|442.17.peg.2852
RAST2:fig|442.17.peg.2853
RAST2:fig|442.17.peg.2854
RAST2:fig|442.17.peg.2855
RAST2:fig|442.17.peg.2856
RAST2:fig|442.17.peg.2857
RAST2:fig|442.17.peg.2858
RAST2:fig|442.17.peg.2859
RAST2:fig|442.17.peg.286
RAST2:fig|442.17.peg.2860
RAST2:fig|442.17.peg.2861
RAST2:fig|442.17.peg.2862
RAST2:fig|442.17.peg.2863
RAST2:fig|442.17.peg.2864
RAST2:fig|442.17.peg.2865
RAST2:fig|442.17.peg.2866
RAST2:fig|442.17.peg.2867
RAST2:fig|442.17.peg.2868
RAST2:fig|442.17.peg.2869
RAST2:fig|442.17.peg.287
RAST2:fig|442.17.peg.2870
RAST2:fig|442.17.peg.2871
RAST2:fig|442.17.peg.2872
RAST2:fig|442.17.peg.2873
RAST2:fig|442.17.peg.2874
RAST2:fig|442.17.peg.2875
RAST2:fig|442.17.peg.2876
RAST2:fig|442.17.peg.2877
RAST2:fig|442.17.peg.2878
RAST2:fig|442.17.peg.2879
RAST2:fig|442.17.peg.288
RAST2:fig|442.17.peg.2880
RAST2:fig|442.17.peg.2881
RAST2:fig|442.17.peg.2882
RAST2:fig|442.17.peg.2883
RAST2:fig|442.17.peg.2884
RAST2:fig|442.17.peg.2885
RAST2:fig|442.17.peg.2886
RAST2:fig|442.17.peg.2887
RAST2:fig|442.17.peg.2888
RAST2:fig|442.17.peg.2889
RAST2:fig|442.17.peg.289
RAST2:fig|442.17.peg.2890
RAST2:fig|442.17.peg.2891
RAST2:fig|442.17.peg.2892
RAST2:fig|442.17.peg.2893
RAST2:fig|442.17.peg.2894
RAST2:fig|442.17.peg.2895
RAST2:fig|442.17.peg.2896
RAST2:fig|442.17.peg.2897
RAST2:fig|442.17.peg.2898
RAST2:fig|442.17.peg.2899
RAST2:fig|442.17.peg.29
RAST2:fig|442.17.peg.290
RAST2:fig|442.17.peg.2900
RAST2:fig|442.17.peg.2901
RAST2:fig|442.17.peg.2902
RAST2:fig|442.17.peg.2903
RAST2:fig|442.17.peg.2904
RAST2:fig|442.17.peg.2905
RAST2:fig|442.17.peg.2906
RAST2:fig|442.17.peg.2907
RAST2:fig|442.17.peg.2908
RAST2:fig|442.17.peg.2909
RAST2:fig|442.17.peg.291
RAST2:fig|442.17.peg.2910
RAST2:fig|442.17.peg.2911
RAST2:fig|442.17.peg.2912
RAST2:fig|442.17.peg.2913
RAST2:fig|442.17.peg.2914
RAST2:fig|442.17.peg.2915
RAST2:fig|442.17.peg.2916
RAST2:fig|442.17.peg.2917
RAST2:fig|442.17.peg.2918
RAST2:fig|442.17.peg.2919
RAST2:fig|442.17.peg.292
RAST2:fig|442.17.peg.2920
RAST2:fig|442.17.peg.2921
RAST2:fig|442.17.peg.2922
RAST2:fig|442.17.peg.2923
RAST2:fig|442.17.peg.2924
RAST2:fig|442.17.peg.2925
RAST2:fig|442.17.peg.2926
RAST2:fig|442.17.peg.2927
RAST2:fig|442.17.peg.2928
RAST2:fig|442.17.peg.2929
RAST2:fig|442.17.peg.293
RAST2:fig|442.17.peg.2930
RAST2:fig|442.17.peg.2931
RAST2:fig|442.17.peg.2932
RAST2:fig|442.17.peg.2933
RAST2:fig|442.17.peg.2934
RAST2:fig|442.17.peg.2935
RAST2:fig|442.17.peg.2936
RAST2:fig|442.17.peg.2937
RAST2:fig|442.17.peg.2938
RAST2:fig|442.17.peg.2939
RAST2:fig|442.17.peg.294
RAST2:fig|442.17.peg.2940
RAST2:fig|442.17.peg.2941
RAST2:fig|442.17.peg.2942
RAST2:fig|442.17.peg.2943
RAST2:fig|442.17.peg.2944
RAST2:fig|442.17.peg.2945
RAST2:fig|442.17.peg.2946
RAST2:fig|442.17.peg.2947
RAST2:fig|442.17.peg.2948
RAST2:fig|442.17.peg.2949
RAST2:fig|442.17.peg.295
RAST2:fig|442.17.peg.2950
RAST2:fig|442.17.peg.2951
RAST2:fig|442.17.peg.2952
RAST2:fig|442.17.peg.2953
RAST2:fig|442.17.peg.2954
RAST2:fig|442.17.peg.2955
RAST2:fig|442.17.peg.2956
RAST2:fig|442.17.peg.2957
RAST2:fig|442.17.peg.2958
RAST2:fig|442.17.peg.2959
RAST2:fig|442.17.peg.296
RAST2:fig|442.17.peg.2960
RAST2:fig|442.17.peg.2961
RAST2:fig|442.17.peg.2962
RAST2:fig|442.17.peg.2963
RAST2:fig|442.17.peg.2964
RAST2:fig|442.17.peg.2965
RAST2:fig|442.17.peg.2966
RAST2:fig|442.17.peg.2967
RAST2:fig|442.17.peg.2968
RAST2:fig|442.17.peg.2969
RAST2:fig|442.17.peg.297
RAST2:fig|442.17.peg.2970
RAST2:fig|442.17.peg.2971
RAST2:fig|442.17.peg.2972
RAST2:fig|442.17.peg.2973
RAST2:fig|442.17.peg.2974
RAST2:fig|442.17.peg.2975
RAST2:fig|442.17.peg.2976
RAST2:fig|442.17.peg.2977
RAST2:fig|442.17.peg.2978
RAST2:fig|442.17.peg.2979
RAST2:fig|442.17.peg.298
RAST2:fig|442.17.peg.2980
RAST2:fig|442.17.peg.2981
RAST2:fig|442.17.peg.2982
RAST2:fig|442.17.peg.2983
RAST2:fig|442.17.peg.2984
RAST2:fig|442.17.peg.2985
RAST2:fig|442.17.peg.2986
RAST2:fig|442.17.peg.2987
RAST2:fig|442.17.peg.2988
RAST2:fig|442.17.peg.2989
RAST2:fig|442.17.peg.299
RAST2:fig|442.17.peg.2990
RAST2:fig|442.17.peg.2991
RAST2:fig|442.17.peg.2992
RAST2:fig|442.17.peg.2993
RAST2:fig|442.17.peg.2994
RAST2:fig|442.17.peg.2995
RAST2:fig|442.17.peg.2996
RAST2:fig|442.17.peg.2997
RAST2:fig|442.17.peg.2998
RAST2:fig|442.17.peg.2999
RAST2:fig|442.17.peg.3
RAST2:fig|442.17.peg.30
RAST2:fig|442.17.peg.300
RAST2:fig|442.17.peg.3000
RAST2:fig|442.17.peg.3001
RAST2:fig|442.17.peg.3002
RAST2:fig|442.17.peg.3003
RAST2:fig|442.17.peg.3004
RAST2:fig|442.17.peg.3005
RAST2:fig|442.17.peg.3006
RAST2:fig|442.17.peg.3007
RAST2:fig|442.17.peg.3008
RAST2:fig|442.17.peg.3009
RAST2:fig|442.17.peg.301
RAST2:fig|442.17.peg.3010
RAST2:fig|442.17.peg.3011
RAST2:fig|442.17.peg.3012
RAST2:fig|442.17.peg.3013
RAST2:fig|442.17.peg.3014
RAST2:fig|442.17.peg.3015
RAST2:fig|442.17.peg.3016
RAST2:fig|442.17.peg.3017
RAST2:fig|442.17.peg.3018
RAST2:fig|442.17.peg.3019
RAST2:fig|442.17.peg.302
RAST2:fig|442.17.peg.3020
RAST2:fig|442.17.peg.3021
RAST2:fig|442.17.peg.3022
RAST2:fig|442.17.peg.3023
RAST2:fig|442.17.peg.3024
RAST2:fig|442.17.peg.3025
RAST2:fig|442.17.peg.3026
RAST2:fig|442.17.peg.3027
RAST2:fig|442.17.peg.3028
RAST2:fig|442.17.peg.3029
RAST2:fig|442.17.peg.303
RAST2:fig|442.17.peg.3030
RAST2:fig|442.17.peg.3031
RAST2:fig|442.17.peg.3032
RAST2:fig|442.17.peg.3033
RAST2:fig|442.17.peg.3034
RAST2:fig|442.17.peg.3035
RAST2:fig|442.17.peg.3036
RAST2:fig|442.17.peg.3037
RAST2:fig|442.17.peg.3038
RAST2:fig|442.17.peg.3039
RAST2:fig|442.17.peg.304
RAST2:fig|442.17.peg.3040
RAST2:fig|442.17.peg.3041
RAST2:fig|442.17.peg.3042
RAST2:fig|442.17.peg.3043
RAST2:fig|442.17.peg.3044
RAST2:fig|442.17.peg.3045
RAST2:fig|442.17.peg.3046
RAST2:fig|442.17.peg.3047
RAST2:fig|442.17.peg.3048
RAST2:fig|442.17.peg.3049
RAST2:fig|442.17.peg.305
RAST2:fig|442.17.peg.3050
RAST2:fig|442.17.peg.3051
RAST2:fig|442.17.peg.3052
RAST2:fig|442.17.peg.3053
RAST2:fig|442.17.peg.3054
RAST2:fig|442.17.peg.3055
RAST2:fig|442.17.peg.3056
RAST2:fig|442.17.peg.3057
RAST2:fig|442.17.peg.3058
RAST2:fig|442.17.peg.3059
RAST2:fig|442.17.peg.306
RAST2:fig|442.17.peg.3060
RAST2:fig|442.17.peg.3061
RAST2:fig|442.17.peg.3062
RAST2:fig|442.17.peg.3063
RAST2:fig|442.17.peg.3064
RAST2:fig|442.17.peg.3065
RAST2:fig|442.17.peg.3066
RAST2:fig|442.17.peg.3067
RAST2:fig|442.17.peg.3068
RAST2:fig|442.17.peg.3069
RAST2:fig|442.17.peg.307
RAST2:fig|442.17.peg.3070
RAST2:fig|442.17.peg.3071
RAST2:fig|442.17.peg.3072
RAST2:fig|442.17.peg.3073
RAST2:fig|442.17.peg.3074
RAST2:fig|442.17.peg.3075
RAST2:fig|442.17.peg.3076
RAST2:fig|442.17.peg.3077
RAST2:fig|442.17.peg.3078
RAST2:fig|442.17.peg.3079
RAST2:fig|442.17.peg.308
RAST2:fig|442.17.peg.3080
RAST2:fig|442.17.peg.3081
RAST2:fig|442.17.peg.3082
RAST2:fig|442.17.peg.3083
RAST2:fig|442.17.peg.3084
RAST2:fig|442.17.peg.3085
RAST2:fig|442.17.peg.3086
RAST2:fig|442.17.peg.3087
RAST2:fig|442.17.peg.3088
RAST2:fig|442.17.peg.3089
RAST2:fig|442.17.peg.309
RAST2:fig|442.17.peg.3090
RAST2:fig|442.17.peg.3091
RAST2:fig|442.17.peg.3092
RAST2:fig|442.17.peg.3093
RAST2:fig|442.17.peg.3094
RAST2:fig|442.17.peg.3095
RAST2:fig|442.17.peg.3096
RAST2:fig|442.17.peg.3097
RAST2:fig|442.17.peg.3098
RAST2:fig|442.17.peg.3099
RAST2:fig|442.17.peg.31
RAST2:fig|442.17.peg.310
RAST2:fig|442.17.peg.3100
RAST2:fig|442.17.peg.3101
RAST2:fig|442.17.peg.3102
RAST2:fig|442.17.peg.3103
RAST2:fig|442.17.peg.3104
RAST2:fig|442.17.peg.3105
RAST2:fig|442.17.peg.3106
RAST2:fig|442.17.peg.3107
RAST2:fig|442.17.peg.3108
RAST2:fig|442.17.peg.3109
RAST2:fig|442.17.peg.311
RAST2:fig|442.17.peg.3110
RAST2:fig|442.17.peg.3111
RAST2:fig|442.17.peg.3112
RAST2:fig|442.17.peg.3113
RAST2:fig|442.17.peg.3114
RAST2:fig|442.17.peg.3115
RAST2:fig|442.17.peg.3116
RAST2:fig|442.17.peg.3117
RAST2:fig|442.17.peg.3118
RAST2:fig|442.17.peg.3119
RAST2:fig|442.17.peg.312
RAST2:fig|442.17.peg.3120
RAST2:fig|442.17.peg.3121
RAST2:fig|442.17.peg.3122
RAST2:fig|442.17.peg.3123
RAST2:fig|442.17.peg.3124
RAST2:fig|442.17.peg.3125
RAST2:fig|442.17.peg.3126
RAST2:fig|442.17.peg.3127
RAST2:fig|442.17.peg.3128
RAST2:fig|442.17.peg.3129
RAST2:fig|442.17.peg.313
RAST2:fig|442.17.peg.3130
RAST2:fig|442.17.peg.3131
RAST2:fig|442.17.peg.3132
RAST2:fig|442.17.peg.3133
RAST2:fig|442.17.peg.3134
RAST2:fig|442.17.peg.3135
RAST2:fig|442.17.peg.3136
RAST2:fig|442.17.peg.3137
RAST2:fig|442.17.peg.3138
RAST2:fig|442.17.peg.3139
RAST2:fig|442.17.peg.314
RAST2:fig|442.17.peg.3140
RAST2:fig|442.17.peg.3141
RAST2:fig|442.17.peg.3142
RAST2:fig|442.17.peg.3143
RAST2:fig|442.17.peg.3144
RAST2:fig|442.17.peg.3145
RAST2:fig|442.17.peg.3146
RAST2:fig|442.17.peg.3147
RAST2:fig|442.17.peg.3148
RAST2:fig|442.17.peg.3149
RAST2:fig|442.17.peg.315
RAST2:fig|442.17.peg.3150
RAST2:fig|442.17.peg.3151
RAST2:fig|442.17.peg.3152
RAST2:fig|442.17.peg.3153
RAST2:fig|442.17.peg.3154
RAST2:fig|442.17.peg.3155
RAST2:fig|442.17.peg.3156
RAST2:fig|442.17.peg.3157
RAST2:fig|442.17.peg.3158
RAST2:fig|442.17.peg.3159
RAST2:fig|442.17.peg.316
RAST2:fig|442.17.peg.3160
RAST2:fig|442.17.peg.3161
RAST2:fig|442.17.peg.3162
RAST2:fig|442.17.peg.3163
RAST2:fig|442.17.peg.3164
RAST2:fig|442.17.peg.3165
RAST2:fig|442.17.peg.3166
RAST2:fig|442.17.peg.3167
RAST2:fig|442.17.peg.3168
RAST2:fig|442.17.peg.3169
RAST2:fig|442.17.peg.317
RAST2:fig|442.17.peg.3170
RAST2:fig|442.17.peg.3171
RAST2:fig|442.17.peg.3172
RAST2:fig|442.17.peg.3173
RAST2:fig|442.17.peg.3174
RAST2:fig|442.17.peg.3175
RAST2:fig|442.17.peg.3176
RAST2:fig|442.17.peg.3177
RAST2:fig|442.17.peg.3178
RAST2:fig|442.17.peg.3179
RAST2:fig|442.17.peg.318
RAST2:fig|442.17.peg.3180
RAST2:fig|442.17.peg.3181
RAST2:fig|442.17.peg.3182
RAST2:fig|442.17.peg.3183
RAST2:fig|442.17.peg.3184
RAST2:fig|442.17.peg.3185
RAST2:fig|442.17.peg.3186
RAST2:fig|442.17.peg.3187
RAST2:fig|442.17.peg.3188
RAST2:fig|442.17.peg.3189
RAST2:fig|442.17.peg.319
RAST2:fig|442.17.peg.3190
RAST2:fig|442.17.peg.3191
RAST2:fig|442.17.peg.3192
RAST2:fig|442.17.peg.3193
RAST2:fig|442.17.peg.3194
RAST2:fig|442.17.peg.3195
RAST2:fig|442.17.peg.3196
RAST2:fig|442.17.peg.3197
RAST2:fig|442.17.peg.3198
RAST2:fig|442.17.peg.3199
RAST2:fig|442.17.peg.32
RAST2:fig|442.17.peg.320
RAST2:fig|442.17.peg.3200
RAST2:fig|442.17.peg.3201
RAST2:fig|442.17.peg.3202
RAST2:fig|442.17.peg.3203
RAST2:fig|442.17.peg.3204
RAST2:fig|442.17.peg.3205
RAST2:fig|442.17.peg.3206
RAST2:fig|442.17.peg.3207
RAST2:fig|442.17.peg.3208
RAST2:fig|442.17.peg.3209
RAST2:fig|442.17.peg.321
RAST2:fig|442.17.peg.3210
RAST2:fig|442.17.peg.3211
RAST2:fig|442.17.peg.3212
RAST2:fig|442.17.peg.3213
RAST2:fig|442.17.peg.3214
RAST2:fig|442.17.peg.3215
RAST2:fig|442.17.peg.3216
RAST2:fig|442.17.peg.3217
RAST2:fig|442.17.peg.3218
RAST2:fig|442.17.peg.3219
RAST2:fig|442.17.peg.322
RAST2:fig|442.17.peg.3220
RAST2:fig|442.17.peg.3221
RAST2:fig|442.17.peg.3222
RAST2:fig|442.17.peg.3223
RAST2:fig|442.17.peg.3224
RAST2:fig|442.17.peg.3225
RAST2:fig|442.17.peg.3226
RAST2:fig|442.17.peg.3227
RAST2:fig|442.17.peg.3228
RAST2:fig|442.17.peg.3229
RAST2:fig|442.17.peg.323
RAST2:fig|442.17.peg.3230
RAST2:fig|442.17.peg.3231
RAST2:fig|442.17.peg.3232
RAST2:fig|442.17.peg.3233
RAST2:fig|442.17.peg.3234
RAST2:fig|442.17.peg.3235
RAST2:fig|442.17.peg.3236
RAST2:fig|442.17.peg.3237
RAST2:fig|442.17.peg.3238
RAST2:fig|442.17.peg.3239
RAST2:fig|442.17.peg.324
RAST2:fig|442.17.peg.3240
RAST2:fig|442.17.peg.3241
RAST2:fig|442.17.peg.3242
RAST2:fig|442.17.peg.3243
RAST2:fig|442.17.peg.3244
RAST2:fig|442.17.peg.3245
RAST2:fig|442.17.peg.3246
RAST2:fig|442.17.peg.3247
RAST2:fig|442.17.peg.3248
RAST2:fig|442.17.peg.3249
RAST2:fig|442.17.peg.325
RAST2:fig|442.17.peg.3250
RAST2:fig|442.17.peg.3251
RAST2:fig|442.17.peg.3252
RAST2:fig|442.17.peg.3253
RAST2:fig|442.17.peg.3254
RAST2:fig|442.17.peg.3255
RAST2:fig|442.17.peg.3256
RAST2:fig|442.17.peg.3257
RAST2:fig|442.17.peg.3258
RAST2:fig|442.17.peg.3259
RAST2:fig|442.17.peg.326
RAST2:fig|442.17.peg.3260
RAST2:fig|442.17.peg.3261
RAST2:fig|442.17.peg.3262
RAST2:fig|442.17.peg.3263
RAST2:fig|442.17.peg.3264
RAST2:fig|442.17.peg.3265
RAST2:fig|442.17.peg.3266
RAST2:fig|442.17.peg.3267
RAST2:fig|442.17.peg.3268
RAST2:fig|442.17.peg.3269
RAST2:fig|442.17.peg.327
RAST2:fig|442.17.peg.3270
RAST2:fig|442.17.peg.3271
RAST2:fig|442.17.peg.3272
RAST2:fig|442.17.peg.3273
RAST2:fig|442.17.peg.3274
RAST2:fig|442.17.peg.3275
RAST2:fig|442.17.peg.3276
RAST2:fig|442.17.peg.3277
RAST2:fig|442.17.peg.3278
RAST2:fig|442.17.peg.3279
RAST2:fig|442.17.peg.328
RAST2:fig|442.17.peg.3280
RAST2:fig|442.17.peg.3281
RAST2:fig|442.17.peg.3282
RAST2:fig|442.17.peg.3283
RAST2:fig|442.17.peg.329
RAST2:fig|442.17.peg.33
RAST2:fig|442.17.peg.330
RAST2:fig|442.17.peg.331
RAST2:fig|442.17.peg.332
RAST2:fig|442.17.peg.333
RAST2:fig|442.17.peg.334
RAST2:fig|442.17.peg.335
RAST2:fig|442.17.peg.336
RAST2:fig|442.17.peg.337
RAST2:fig|442.17.peg.338
RAST2:fig|442.17.peg.339
RAST2:fig|442.17.peg.34
RAST2:fig|442.17.peg.340
RAST2:fig|442.17.peg.341
RAST2:fig|442.17.peg.342
RAST2:fig|442.17.peg.343
RAST2:fig|442.17.peg.344
RAST2:fig|442.17.peg.345
RAST2:fig|442.17.peg.346
RAST2:fig|442.17.peg.347
RAST2:fig|442.17.peg.348
RAST2:fig|442.17.peg.349
RAST2:fig|442.17.peg.35
RAST2:fig|442.17.peg.350
RAST2:fig|442.17.peg.351
RAST2:fig|442.17.peg.352
RAST2:fig|442.17.peg.353
RAST2:fig|442.17.peg.354
RAST2:fig|442.17.peg.355
RAST2:fig|442.17.peg.356
RAST2:fig|442.17.peg.357
RAST2:fig|442.17.peg.358
RAST2:fig|442.17.peg.359
RAST2:fig|442.17.peg.36
RAST2:fig|442.17.peg.360
RAST2:fig|442.17.peg.361
RAST2:fig|442.17.peg.362
RAST2:fig|442.17.peg.363
RAST2:fig|442.17.peg.364
RAST2:fig|442.17.peg.365
RAST2:fig|442.17.peg.366
RAST2:fig|442.17.peg.367
RAST2:fig|442.17.peg.368
RAST2:fig|442.17.peg.369
RAST2:fig|442.17.peg.37
RAST2:fig|442.17.peg.370
RAST2:fig|442.17.peg.371
RAST2:fig|442.17.peg.372
RAST2:fig|442.17.peg.373
RAST2:fig|442.17.peg.374
RAST2:fig|442.17.peg.375
RAST2:fig|442.17.peg.376
RAST2:fig|442.17.peg.377
RAST2:fig|442.17.peg.378
RAST2:fig|442.17.peg.379
RAST2:fig|442.17.peg.38
RAST2:fig|442.17.peg.380
RAST2:fig|442.17.peg.381
RAST2:fig|442.17.peg.382
RAST2:fig|442.17.peg.383
RAST2:fig|442.17.peg.384
RAST2:fig|442.17.peg.385
RAST2:fig|442.17.peg.386
RAST2:fig|442.17.peg.387
RAST2:fig|442.17.peg.388
RAST2:fig|442.17.peg.389
RAST2:fig|442.17.peg.39
RAST2:fig|442.17.peg.390
RAST2:fig|442.17.peg.391
RAST2:fig|442.17.peg.392
RAST2:fig|442.17.peg.393
RAST2:fig|442.17.peg.394
RAST2:fig|442.17.peg.395
RAST2:fig|442.17.peg.396
RAST2:fig|442.17.peg.397
RAST2:fig|442.17.peg.398
RAST2:fig|442.17.peg.399
RAST2:fig|442.17.peg.4
RAST2:fig|442.17.peg.40
RAST2:fig|442.17.peg.400
RAST2:fig|442.17.peg.401
RAST2:fig|442.17.peg.402
RAST2:fig|442.17.peg.403
RAST2:fig|442.17.peg.404
RAST2:fig|442.17.peg.405
RAST2:fig|442.17.peg.406
RAST2:fig|442.17.peg.407
RAST2:fig|442.17.peg.408
RAST2:fig|442.17.peg.409
RAST2:fig|442.17.peg.41
RAST2:fig|442.17.peg.410
RAST2:fig|442.17.peg.411
RAST2:fig|442.17.peg.412
RAST2:fig|442.17.peg.413
RAST2:fig|442.17.peg.414
RAST2:fig|442.17.peg.415
RAST2:fig|442.17.peg.416
RAST2:fig|442.17.peg.417
RAST2:fig|442.17.peg.418
RAST2:fig|442.17.peg.419
RAST2:fig|442.17.peg.42
RAST2:fig|442.17.peg.420
RAST2:fig|442.17.peg.421
RAST2:fig|442.17.peg.422
RAST2:fig|442.17.peg.423
RAST2:fig|442.17.peg.424
RAST2:fig|442.17.peg.425
RAST2:fig|442.17.peg.426
RAST2:fig|442.17.peg.427
RAST2:fig|442.17.peg.428
RAST2:fig|442.17.peg.429
RAST2:fig|442.17.peg.43
RAST2:fig|442.17.peg.430
RAST2:fig|442.17.peg.431
RAST2:fig|442.17.peg.432
RAST2:fig|442.17.peg.433
RAST2:fig|442.17.peg.434
RAST2:fig|442.17.peg.435
RAST2:fig|442.17.peg.436
RAST2:fig|442.17.peg.437
RAST2:fig|442.17.peg.438
RAST2:fig|442.17.peg.439
RAST2:fig|442.17.peg.44
RAST2:fig|442.17.peg.440
RAST2:fig|442.17.peg.441
RAST2:fig|442.17.peg.442
RAST2:fig|442.17.peg.443
RAST2:fig|442.17.peg.444
RAST2:fig|442.17.peg.445
RAST2:fig|442.17.peg.446
RAST2:fig|442.17.peg.447
RAST2:fig|442.17.peg.448
RAST2:fig|442.17.peg.449
RAST2:fig|442.17.peg.45
RAST2:fig|442.17.peg.450
RAST2:fig|442.17.peg.451
RAST2:fig|442.17.peg.452
RAST2:fig|442.17.peg.453
RAST2:fig|442.17.peg.454
RAST2:fig|442.17.peg.455
RAST2:fig|442.17.peg.456
RAST2:fig|442.17.peg.457
RAST2:fig|442.17.peg.458
RAST2:fig|442.17.peg.459
RAST2:fig|442.17.peg.46
RAST2:fig|442.17.peg.460
RAST2:fig|442.17.peg.461
RAST2:fig|442.17.peg.462
RAST2:fig|442.17.peg.463
RAST2:fig|442.17.peg.464
RAST2:fig|442.17.peg.465
RAST2:fig|442.17.peg.466
RAST2:fig|442.17.peg.467
RAST2:fig|442.17.peg.468
RAST2:fig|442.17.peg.469
RAST2:fig|442.17.peg.47
RAST2:fig|442.17.peg.470
RAST2:fig|442.17.peg.471
RAST2:fig|442.17.peg.472
RAST2:fig|442.17.peg.473
RAST2:fig|442.17.peg.474
RAST2:fig|442.17.peg.475
RAST2:fig|442.17.peg.476
RAST2:fig|442.17.peg.477
RAST2:fig|442.17.peg.478
RAST2:fig|442.17.peg.479
RAST2:fig|442.17.peg.48
RAST2:fig|442.17.peg.480
RAST2:fig|442.17.peg.481
RAST2:fig|442.17.peg.482
RAST2:fig|442.17.peg.483
RAST2:fig|442.17.peg.484
RAST2:fig|442.17.peg.485
RAST2:fig|442.17.peg.486
RAST2:fig|442.17.peg.487
RAST2:fig|442.17.peg.488
RAST2:fig|442.17.peg.489
RAST2:fig|442.17.peg.49
RAST2:fig|442.17.peg.490
RAST2:fig|442.17.peg.491
RAST2:fig|442.17.peg.492
RAST2:fig|442.17.peg.493
RAST2:fig|442.17.peg.494
RAST2:fig|442.17.peg.495
RAST2:fig|442.17.peg.496
RAST2:fig|442.17.peg.497
RAST2:fig|442.17.peg.498
RAST2:fig|442.17.peg.499
RAST2:fig|442.17.peg.5
RAST2:fig|442.17.peg.50
RAST2:fig|442.17.peg.500
RAST2:fig|442.17.peg.501
RAST2:fig|442.17.peg.502
RAST2:fig|442.17.peg.503
RAST2:fig|442.17.peg.504
RAST2:fig|442.17.peg.505
RAST2:fig|442.17.peg.506
RAST2:fig|442.17.peg.507
RAST2:fig|442.17.peg.508
RAST2:fig|442.17.peg.509
RAST2:fig|442.17.peg.51
RAST2:fig|442.17.peg.510
RAST2:fig|442.17.peg.511
RAST2:fig|442.17.peg.512
RAST2:fig|442.17.peg.513
RAST2:fig|442.17.peg.514
RAST2:fig|442.17.peg.515
RAST2:fig|442.17.peg.516
RAST2:fig|442.17.peg.517
RAST2:fig|442.17.peg.518
RAST2:fig|442.17.peg.519
RAST2:fig|442.17.peg.52
RAST2:fig|442.17.peg.520
RAST2:fig|442.17.peg.521
RAST2:fig|442.17.peg.522
RAST2:fig|442.17.peg.523
RAST2:fig|442.17.peg.524
RAST2:fig|442.17.peg.525
RAST2:fig|442.17.peg.526
RAST2:fig|442.17.peg.527
RAST2:fig|442.17.peg.528
RAST2:fig|442.17.peg.529
RAST2:fig|442.17.peg.53
RAST2:fig|442.17.peg.530
RAST2:fig|442.17.peg.531
RAST2:fig|442.17.peg.532
RAST2:fig|442.17.peg.533
RAST2:fig|442.17.peg.534
RAST2:fig|442.17.peg.535
RAST2:fig|442.17.peg.536
RAST2:fig|442.17.peg.537
RAST2:fig|442.17.peg.538
RAST2:fig|442.17.peg.539
RAST2:fig|442.17.peg.54
RAST2:fig|442.17.peg.540
RAST2:fig|442.17.peg.541
RAST2:fig|442.17.peg.542
RAST2:fig|442.17.peg.543
RAST2:fig|442.17.peg.544
RAST2:fig|442.17.peg.545
RAST2:fig|442.17.peg.546
RAST2:fig|442.17.peg.547
RAST2:fig|442.17.peg.548
RAST2:fig|442.17.peg.549
RAST2:fig|442.17.peg.55
RAST2:fig|442.17.peg.550
RAST2:fig|442.17.peg.551
RAST2:fig|442.17.peg.552
RAST2:fig|442.17.peg.553
RAST2:fig|442.17.peg.554
RAST2:fig|442.17.peg.555
RAST2:fig|442.17.peg.556
RAST2:fig|442.17.peg.557
RAST2:fig|442.17.peg.558
RAST2:fig|442.17.peg.559
RAST2:fig|442.17.peg.56
RAST2:fig|442.17.peg.560
RAST2:fig|442.17.peg.561
RAST2:fig|442.17.peg.562
RAST2:fig|442.17.peg.563
RAST2:fig|442.17.peg.564
RAST2:fig|442.17.peg.565
RAST2:fig|442.17.peg.566
RAST2:fig|442.17.peg.567
RAST2:fig|442.17.peg.568
RAST2:fig|442.17.peg.569
RAST2:fig|442.17.peg.57
RAST2:fig|442.17.peg.570
RAST2:fig|442.17.peg.571
RAST2:fig|442.17.peg.572
RAST2:fig|442.17.peg.573
RAST2:fig|442.17.peg.574
RAST2:fig|442.17.peg.575
RAST2:fig|442.17.peg.576
RAST2:fig|442.17.peg.577
RAST2:fig|442.17.peg.578
RAST2:fig|442.17.peg.579
RAST2:fig|442.17.peg.58
RAST2:fig|442.17.peg.580
RAST2:fig|442.17.peg.581
RAST2:fig|442.17.peg.582
RAST2:fig|442.17.peg.583
RAST2:fig|442.17.peg.584
RAST2:fig|442.17.peg.585
RAST2:fig|442.17.peg.586
RAST2:fig|442.17.peg.587
RAST2:fig|442.17.peg.588
RAST2:fig|442.17.peg.589
RAST2:fig|442.17.peg.59
RAST2:fig|442.17.peg.590
RAST2:fig|442.17.peg.591
RAST2:fig|442.17.peg.592
RAST2:fig|442.17.peg.593
RAST2:fig|442.17.peg.594
RAST2:fig|442.17.peg.595
RAST2:fig|442.17.peg.596
RAST2:fig|442.17.peg.597
RAST2:fig|442.17.peg.598
RAST2:fig|442.17.peg.599
RAST2:fig|442.17.peg.6
RAST2:fig|442.17.peg.60
RAST2:fig|442.17.peg.600
RAST2:fig|442.17.peg.601
RAST2:fig|442.17.peg.602
RAST2:fig|442.17.peg.603
RAST2:fig|442.17.peg.604
RAST2:fig|442.17.peg.605
RAST2:fig|442.17.peg.606
RAST2:fig|442.17.peg.607
RAST2:fig|442.17.peg.608
RAST2:fig|442.17.peg.609
RAST2:fig|442.17.peg.61
RAST2:fig|442.17.peg.610
RAST2:fig|442.17.peg.611
RAST2:fig|442.17.peg.612
RAST2:fig|442.17.peg.613
RAST2:fig|442.17.peg.614
RAST2:fig|442.17.peg.615
RAST2:fig|442.17.peg.616
RAST2:fig|442.17.peg.617
RAST2:fig|442.17.peg.618
RAST2:fig|442.17.peg.619
RAST2:fig|442.17.peg.62
RAST2:fig|442.17.peg.620
RAST2:fig|442.17.peg.621
RAST2:fig|442.17.peg.622
RAST2:fig|442.17.peg.623
RAST2:fig|442.17.peg.624
RAST2:fig|442.17.peg.625
RAST2:fig|442.17.peg.626
RAST2:fig|442.17.peg.627
RAST2:fig|442.17.peg.628
RAST2:fig|442.17.peg.629
RAST2:fig|442.17.peg.63
RAST2:fig|442.17.peg.630
RAST2:fig|442.17.peg.631
RAST2:fig|442.17.peg.632
RAST2:fig|442.17.peg.633
RAST2:fig|442.17.peg.634
RAST2:fig|442.17.peg.635
RAST2:fig|442.17.peg.636
RAST2:fig|442.17.peg.637
RAST2:fig|442.17.peg.638
RAST2:fig|442.17.peg.639
RAST2:fig|442.17.peg.64
RAST2:fig|442.17.peg.640
RAST2:fig|442.17.peg.641
RAST2:fig|442.17.peg.642
RAST2:fig|442.17.peg.643
RAST2:fig|442.17.peg.644
RAST2:fig|442.17.peg.645
RAST2:fig|442.17.peg.646
RAST2:fig|442.17.peg.647
RAST2:fig|442.17.peg.648
RAST2:fig|442.17.peg.649
RAST2:fig|442.17.peg.65
RAST2:fig|442.17.peg.650
RAST2:fig|442.17.peg.651
RAST2:fig|442.17.peg.652
RAST2:fig|442.17.peg.653
RAST2:fig|442.17.peg.654
RAST2:fig|442.17.peg.655
RAST2:fig|442.17.peg.656
RAST2:fig|442.17.peg.657
RAST2:fig|442.17.peg.658
RAST2:fig|442.17.peg.659
RAST2:fig|442.17.peg.66
RAST2:fig|442.17.peg.660
RAST2:fig|442.17.peg.661
RAST2:fig|442.17.peg.662
RAST2:fig|442.17.peg.663
RAST2:fig|442.17.peg.664
RAST2:fig|442.17.peg.665
RAST2:fig|442.17.peg.666
RAST2:fig|442.17.peg.667
RAST2:fig|442.17.peg.668
RAST2:fig|442.17.peg.669
RAST2:fig|442.17.peg.67
RAST2:fig|442.17.peg.670
RAST2:fig|442.17.peg.671
RAST2:fig|442.17.peg.672
RAST2:fig|442.17.peg.673
RAST2:fig|442.17.peg.674
RAST2:fig|442.17.peg.675
RAST2:fig|442.17.peg.676
RAST2:fig|442.17.peg.677
RAST2:fig|442.17.peg.678
RAST2:fig|442.17.peg.679
RAST2:fig|442.17.peg.68
RAST2:fig|442.17.peg.680
RAST2:fig|442.17.peg.681
RAST2:fig|442.17.peg.682
RAST2:fig|442.17.peg.683
RAST2:fig|442.17.peg.684
RAST2:fig|442.17.peg.685
RAST2:fig|442.17.peg.686
RAST2:fig|442.17.peg.687
RAST2:fig|442.17.peg.688
RAST2:fig|442.17.peg.689
RAST2:fig|442.17.peg.69
RAST2:fig|442.17.peg.690
RAST2:fig|442.17.peg.691
RAST2:fig|442.17.peg.692
RAST2:fig|442.17.peg.693
RAST2:fig|442.17.peg.694
RAST2:fig|442.17.peg.695
RAST2:fig|442.17.peg.696
RAST2:fig|442.17.peg.697
RAST2:fig|442.17.peg.698
RAST2:fig|442.17.peg.699
RAST2:fig|442.17.peg.7
RAST2:fig|442.17.peg.70
RAST2:fig|442.17.peg.700
RAST2:fig|442.17.peg.701
RAST2:fig|442.17.peg.702
RAST2:fig|442.17.peg.703
RAST2:fig|442.17.peg.704
RAST2:fig|442.17.peg.705
RAST2:fig|442.17.peg.706
RAST2:fig|442.17.peg.707
RAST2:fig|442.17.peg.708
RAST2:fig|442.17.peg.709
RAST2:fig|442.17.peg.71
RAST2:fig|442.17.peg.710
RAST2:fig|442.17.peg.711
RAST2:fig|442.17.peg.712
RAST2:fig|442.17.peg.713
RAST2:fig|442.17.peg.714
RAST2:fig|442.17.peg.715
RAST2:fig|442.17.peg.716
RAST2:fig|442.17.peg.717
RAST2:fig|442.17.peg.718
RAST2:fig|442.17.peg.719
RAST2:fig|442.17.peg.72
RAST2:fig|442.17.peg.720
RAST2:fig|442.17.peg.721
RAST2:fig|442.17.peg.722
RAST2:fig|442.17.peg.723
RAST2:fig|442.17.peg.724
RAST2:fig|442.17.peg.725
RAST2:fig|442.17.peg.726
RAST2:fig|442.17.peg.727
RAST2:fig|442.17.peg.728
RAST2:fig|442.17.peg.729
RAST2:fig|442.17.peg.73
RAST2:fig|442.17.peg.730
RAST2:fig|442.17.peg.731
RAST2:fig|442.17.peg.732
RAST2:fig|442.17.peg.733
RAST2:fig|442.17.peg.734
RAST2:fig|442.17.peg.735
RAST2:fig|442.17.peg.736
RAST2:fig|442.17.peg.737
RAST2:fig|442.17.peg.738
RAST2:fig|442.17.peg.739
RAST2:fig|442.17.peg.74
RAST2:fig|442.17.peg.740
RAST2:fig|442.17.peg.741
RAST2:fig|442.17.peg.742
RAST2:fig|442.17.peg.743
RAST2:fig|442.17.peg.744
RAST2:fig|442.17.peg.745
RAST2:fig|442.17.peg.746
RAST2:fig|442.17.peg.747
RAST2:fig|442.17.peg.748
RAST2:fig|442.17.peg.749
RAST2:fig|442.17.peg.75
RAST2:fig|442.17.peg.750
RAST2:fig|442.17.peg.751
RAST2:fig|442.17.peg.752
RAST2:fig|442.17.peg.753
RAST2:fig|442.17.peg.754
RAST2:fig|442.17.peg.755
RAST2:fig|442.17.peg.756
RAST2:fig|442.17.peg.757
RAST2:fig|442.17.peg.758
RAST2:fig|442.17.peg.759
RAST2:fig|442.17.peg.76
RAST2:fig|442.17.peg.760
RAST2:fig|442.17.peg.761
RAST2:fig|442.17.peg.762
RAST2:fig|442.17.peg.763
RAST2:fig|442.17.peg.764
RAST2:fig|442.17.peg.765
RAST2:fig|442.17.peg.766
RAST2:fig|442.17.peg.767
RAST2:fig|442.17.peg.768
RAST2:fig|442.17.peg.769
RAST2:fig|442.17.peg.77
RAST2:fig|442.17.peg.770
RAST2:fig|442.17.peg.771
RAST2:fig|442.17.peg.772
RAST2:fig|442.17.peg.773
RAST2:fig|442.17.peg.774
RAST2:fig|442.17.peg.775
RAST2:fig|442.17.peg.776
RAST2:fig|442.17.peg.777
RAST2:fig|442.17.peg.778
RAST2:fig|442.17.peg.779
RAST2:fig|442.17.peg.78
RAST2:fig|442.17.peg.780
RAST2:fig|442.17.peg.781
RAST2:fig|442.17.peg.782
RAST2:fig|442.17.peg.783
RAST2:fig|442.17.peg.784
RAST2:fig|442.17.peg.785
RAST2:fig|442.17.peg.786
RAST2:fig|442.17.peg.787
RAST2:fig|442.17.peg.788
RAST2:fig|442.17.peg.789
RAST2:fig|442.17.peg.79
RAST2:fig|442.17.peg.790
RAST2:fig|442.17.peg.791
RAST2:fig|442.17.peg.792
RAST2:fig|442.17.peg.793
RAST2:fig|442.17.peg.794
RAST2:fig|442.17.peg.795
RAST2:fig|442.17.peg.796
RAST2:fig|442.17.peg.797
RAST2:fig|442.17.peg.798
RAST2:fig|442.17.peg.799
RAST2:fig|442.17.peg.8
RAST2:fig|442.17.peg.80
RAST2:fig|442.17.peg.800
RAST2:fig|442.17.peg.801
RAST2:fig|442.17.peg.802
RAST2:fig|442.17.peg.803
RAST2:fig|442.17.peg.804
RAST2:fig|442.17.peg.805
RAST2:fig|442.17.peg.806
RAST2:fig|442.17.peg.807
RAST2:fig|442.17.peg.808
RAST2:fig|442.17.peg.809
RAST2:fig|442.17.peg.81
RAST2:fig|442.17.peg.810
RAST2:fig|442.17.peg.811
RAST2:fig|442.17.peg.812
RAST2:fig|442.17.peg.813
RAST2:fig|442.17.peg.814
RAST2:fig|442.17.peg.815
RAST2:fig|442.17.peg.816
RAST2:fig|442.17.peg.817
RAST2:fig|442.17.peg.818
RAST2:fig|442.17.peg.819
RAST2:fig|442.17.peg.82
RAST2:fig|442.17.peg.820
RAST2:fig|442.17.peg.821
RAST2:fig|442.17.peg.822
RAST2:fig|442.17.peg.823
RAST2:fig|442.17.peg.824
RAST2:fig|442.17.peg.825
RAST2:fig|442.17.peg.826
RAST2:fig|442.17.peg.827
RAST2:fig|442.17.peg.828
RAST2:fig|442.17.peg.829
RAST2:fig|442.17.peg.83
RAST2:fig|442.17.peg.830
RAST2:fig|442.17.peg.831
RAST2:fig|442.17.peg.832
RAST2:fig|442.17.peg.833
RAST2:fig|442.17.peg.834
RAST2:fig|442.17.peg.835
RAST2:fig|442.17.peg.836
RAST2:fig|442.17.peg.837
RAST2:fig|442.17.peg.838
RAST2:fig|442.17.peg.839
RAST2:fig|442.17.peg.84
RAST2:fig|442.17.peg.840
RAST2:fig|442.17.peg.841
RAST2:fig|442.17.peg.842
RAST2:fig|442.17.peg.843
RAST2:fig|442.17.peg.844
RAST2:fig|442.17.peg.845
RAST2:fig|442.17.peg.846
RAST2:fig|442.17.peg.847
RAST2:fig|442.17.peg.848
RAST2:fig|442.17.peg.849
RAST2:fig|442.17.peg.85
RAST2:fig|442.17.peg.850
RAST2:fig|442.17.peg.851
RAST2:fig|442.17.peg.852
RAST2:fig|442.17.peg.853
RAST2:fig|442.17.peg.854
RAST2:fig|442.17.peg.855
RAST2:fig|442.17.peg.856
RAST2:fig|442.17.peg.857
RAST2:fig|442.17.peg.858
RAST2:fig|442.17.peg.859
RAST2:fig|442.17.peg.86
RAST2:fig|442.17.peg.860
RAST2:fig|442.17.peg.861
RAST2:fig|442.17.peg.862
RAST2:fig|442.17.peg.863
RAST2:fig|442.17.peg.864
RAST2:fig|442.17.peg.865
RAST2:fig|442.17.peg.866
RAST2:fig|442.17.peg.867
RAST2:fig|442.17.peg.868
RAST2:fig|442.17.peg.869
RAST2:fig|442.17.peg.87
RAST2:fig|442.17.peg.870
RAST2:fig|442.17.peg.871
RAST2:fig|442.17.peg.872
RAST2:fig|442.17.peg.873
RAST2:fig|442.17.peg.874
RAST2:fig|442.17.peg.875
RAST2:fig|442.17.peg.876
RAST2:fig|442.17.peg.877
RAST2:fig|442.17.peg.878
RAST2:fig|442.17.peg.879
RAST2:fig|442.17.peg.88
RAST2:fig|442.17.peg.880
RAST2:fig|442.17.peg.881
RAST2:fig|442.17.peg.882
RAST2:fig|442.17.peg.883
RAST2:fig|442.17.peg.884
RAST2:fig|442.17.peg.885
RAST2:fig|442.17.peg.886
RAST2:fig|442.17.peg.887
RAST2:fig|442.17.peg.888
RAST2:fig|442.17.peg.889
RAST2:fig|442.17.peg.89
RAST2:fig|442.17.peg.890
RAST2:fig|442.17.peg.891
RAST2:fig|442.17.peg.892
RAST2:fig|442.17.peg.893
RAST2:fig|442.17.peg.894
RAST2:fig|442.17.peg.895
RAST2:fig|442.17.peg.896
RAST2:fig|442.17.peg.897
RAST2:fig|442.17.peg.898
RAST2:fig|442.17.peg.899
RAST2:fig|442.17.peg.9
RAST2:fig|442.17.peg.90
RAST2:fig|442.17.peg.900
RAST2:fig|442.17.peg.901
RAST2:fig|442.17.peg.902
RAST2:fig|442.17.peg.903
RAST2:fig|442.17.peg.904
RAST2:fig|442.17.peg.905
RAST2:fig|442.17.peg.906
RAST2:fig|442.17.peg.907
RAST2:fig|442.17.peg.908
RAST2:fig|442.17.peg.909
RAST2:fig|442.17.peg.91
RAST2:fig|442.17.peg.910
RAST2:fig|442.17.peg.911
RAST2:fig|442.17.peg.912
RAST2:fig|442.17.peg.913
RAST2:fig|442.17.peg.914
RAST2:fig|442.17.peg.915
RAST2:fig|442.17.peg.916
RAST2:fig|442.17.peg.917
RAST2:fig|442.17.peg.918
RAST2:fig|442.17.peg.919
RAST2:fig|442.17.peg.92
RAST2:fig|442.17.peg.920
RAST2:fig|442.17.peg.921
RAST2:fig|442.17.peg.922
RAST2:fig|442.17.peg.923
RAST2:fig|442.17.peg.924
RAST2:fig|442.17.peg.925
RAST2:fig|442.17.peg.926
RAST2:fig|442.17.peg.927
RAST2:fig|442.17.peg.928
RAST2:fig|442.17.peg.929
RAST2:fig|442.17.peg.93
RAST2:fig|442.17.peg.930
RAST2:fig|442.17.peg.931
RAST2:fig|442.17.peg.932
RAST2:fig|442.17.peg.933
RAST2:fig|442.17.peg.934
RAST2:fig|442.17.peg.935
RAST2:fig|442.17.peg.936
RAST2:fig|442.17.peg.937
RAST2:fig|442.17.peg.938
RAST2:fig|442.17.peg.939
RAST2:fig|442.17.peg.94
RAST2:fig|442.17.peg.940
RAST2:fig|442.17.peg.941
RAST2:fig|442.17.peg.942
RAST2:fig|442.17.peg.943
RAST2:fig|442.17.peg.944
RAST2:fig|442.17.peg.945
RAST2:fig|442.17.peg.946
RAST2:fig|442.17.peg.947
RAST2:fig|442.17.peg.948
RAST2:fig|442.17.peg.949
RAST2:fig|442.17.peg.95
RAST2:fig|442.17.peg.950
RAST2:fig|442.17.peg.951
RAST2:fig|442.17.peg.952
RAST2:fig|442.17.peg.953
RAST2:fig|442.17.peg.954
RAST2:fig|442.17.peg.955
RAST2:fig|442.17.peg.956
RAST2:fig|442.17.peg.957
RAST2:fig|442.17.peg.958
RAST2:fig|442.17.peg.959
RAST2:fig|442.17.peg.96
RAST2:fig|442.17.peg.960
RAST2:fig|442.17.peg.961
RAST2:fig|442.17.peg.962
RAST2:fig|442.17.peg.963
RAST2:fig|442.17.peg.964
RAST2:fig|442.17.peg.965
RAST2:fig|442.17.peg.966
RAST2:fig|442.17.peg.967
RAST2:fig|442.17.peg.968
RAST2:fig|442.17.peg.969
RAST2:fig|442.17.peg.97
RAST2:fig|442.17.peg.970
RAST2:fig|442.17.peg.971
RAST2:fig|442.17.peg.972
RAST2:fig|442.17.peg.973
RAST2:fig|442.17.peg.974
RAST2:fig|442.17.peg.975
RAST2:fig|442.17.peg.976
RAST2:fig|442.17.peg.977
RAST2:fig|442.17.peg.978
RAST2:fig|442.17.peg.979
RAST2:fig|442.17.peg.98
RAST2:fig|442.17.peg.980
RAST2:fig|442.17.peg.981
RAST2:fig|442.17.peg.982
RAST2:fig|442.17.peg.983
RAST2:fig|442.17.peg.984
RAST2:fig|442.17.peg.985
RAST2:fig|442.17.peg.986
RAST2:fig|442.17.peg.987
RAST2:fig|442.17.peg.988
RAST2:fig|442.17.peg.989
RAST2:fig|442.17.peg.99
RAST2:fig|442.17.peg.990
RAST2:fig|442.17.peg.991
RAST2:fig|442.17.peg.992
RAST2:fig|442.17.peg.993
RAST2:fig|442.17.peg.994
RAST2:fig|442.17.peg.995
RAST2:fig|442.17.peg.996
RAST2:fig|442.17.peg.997
RAST2:fig|442.17.peg.998
RAST2:fig|442.17.peg.999
